"RK",TIERS,"PLAYER NAME",TEAM,"POS","BYE WEEK","UPSIDE ","BUST ","SOS SEASON","ECR VS. ADP"
"1",1,"Ja'Marr Chase",CIN,"WR1","6","Coach Upside rating","Coach Bust rating","4 out of 5 stars","+2"
"2",1,"Puka Nacua",LAR,"WR2","11","Coach Upside rating","Coach Bust rating","1 out of 5 stars","+2"
"3",1,"Bijan Robinson",ATL,"RB1","11","Coach Upside rating","Coach Bust rating","2 out of 5 stars","-1"
"4",1,"Jahmyr Gibbs",DET,"RB2","6","Coach Upside rating","Coach Bust rating","5 out of 5 stars","-3"
"5",1,"Jaxon Smith-Njigba",SEA,"WR3","11","Coach Upside rating","Coach Bust rating","3 out of 5 stars","0"
"6",2,"Amon-Ra St. Brown",DET,"WR4","6","Coach Upside rating","Coach Bust rating","4 out of 5 stars","+2"
"7",2,"Christian McCaffrey",SF,"RB3","8","Coach Upside rating","Coach Bust rating","2 out of 5 stars","-1"
"8",2,"CeeDee Lamb",DAL,"WR5","14","Coach Upside rating","Coach Bust rating","2 out of 5 stars","+4"
"9",2,"Justin Jefferson",MIN,"WR6","6","Coach Upside rating","Coach Bust rating","5 out of 5 stars","+1"
"10",2,"Jonathan Taylor",IND,"RB4","13","Coach Upside rating","Coach Bust rating","4 out of 5 stars","-3"
"11",2,"Drake London",ATL,"WR7","11","Coach Upside rating","Coach Bust rating","3 out of 5 stars","+7"
"12",3,"Nico Collins",HOU,"WR8","8","Coach Upside rating","Coach Bust rating","3 out of 5 stars","+10"
"13",3,"De'Von Achane",MIA,"RB5","6","Coach Upside rating","Coach Bust rating","3 out of 5 stars","+2"
"14",3,"Ashton Jeanty",LV,"RB6","13","Coach Upside rating","Coach Bust rating","2 out of 5 stars","-5"
"15",3,"A.J. Brown",NE,"WR9","11","Coach Upside rating","Coach Bust rating","2 out of 5 stars","+8"
"16",3,"Chris Olave",NO,"WR10","8","Coach Upside rating","Coach Bust rating","3 out of 5 stars","+11"
"17",3,"George Pickens",DAL,"WR11","14","Coach Upside rating","Coach Bust rating","2 out of 5 stars","+8"
"18",3,"Trey McBride",ARI,"TE1","14","Coach Upside rating","Coach Bust rating","2 out of 5 stars","+2"
"19",3,"Chase Brown",CIN,"RB7","6","Coach Upside rating","Coach Bust rating","2 out of 5 stars","-5"
"20",3,"Brock Bowers",LV,"TE2","13","Coach Upside rating","Coach Bust rating","3 out of 5 stars","-1"
"21",3,"James Cook III",BUF,"RB8","7","Coach Upside rating","Coach Bust rating","2 out of 5 stars","-10"
"22",4,"Rashee Rice",KC,"WR12","5","Coach Upside rating","Coach Bust rating","2 out of 5 stars","+6"
"23",4,"Josh Allen",BUF,"QB1","7","Coach Upside rating","Coach Bust rating","3 out of 5 stars","+3"
"24",4,"Malik Nabers",NYG,"WR13","8","Coach Upside rating","Coach Bust rating","4 out of 5 stars","+9"
"25",4,"Omarion Hampton",LAC,"RB9","7","Coach Upside rating","Coach Bust rating","3 out of 5 stars","-9"
"26",4,"Tetairoa McMillan",CAR,"WR14","5","Coach Upside rating","Coach Bust rating","2 out of 5 stars","+14"
"",4
"27",4,"DeVonta Smith",PHI,"WR15","10","Coach Upside rating","Coach Bust rating","4 out of 5 stars","+3"
"28",4,"Saquon Barkley",PHI,"RB10","10","Coach Upside rating","Coach Bust rating","4 out of 5 stars","-15"
"29",4,"Garrett Wilson",NYJ,"WR16","13","Coach Upside rating","Coach Bust rating","4 out of 5 stars","+8"
"30",4,"Lamar Jackson",BAL,"QB2","13","Coach Upside rating","Coach Bust rating","3 out of 5 stars","+22"
"31",4,"Kenneth Walker III",KC,"RB11","5","Coach Upside rating","Coach Bust rating","3 out of 5 stars","-14"
"32",5,"Ladd McConkey",LAC,"WR17","7","Coach Upside rating","Coach Bust rating","2 out of 5 stars","+4"
"33",5,"Drake Maye",NE,"QB3","11","Coach Upside rating","Coach Bust rating","2 out of 5 stars","+28"
"34",5,"Tee Higgins",CIN,"WR18","6","Coach Upside rating","Coach Bust rating","4 out of 5 stars","+4"
"35",5,"Jeremiyah Love",ARI,"RB12","14","Coach Upside rating","Coach Bust rating","2 out of 5 stars","-11"
"36",5,"Colston Loveland",CHI,"TE3","10","Coach Upside rating","Coach Bust rating","2 out of 5 stars","+6"
"37",5,"Zay Flowers",BAL,"WR19","13","Coach Upside rating","Coach Bust rating","4 out of 5 stars","-2"
"38",5,"Jaylen Waddle",DEN,"WR20","10","Coach Upside rating","Coach Bust rating","2 out of 5 stars","+10"
"39",5,"Derrick Henry",BAL,"RB13","13","Coach Upside rating","Coach Bust rating","3 out of 5 stars","-18"
"40",5,"Breece Hall",NYJ,"RB14","13","Coach Upside rating","Coach Bust rating","3 out of 5 stars","-11"
"41",5,"Terry McLaurin",WAS,"WR21","7","Coach Upside rating","Coach Bust rating","2 out of 5 stars","+4"
"42",5,"Luther Burden III",CHI,"WR22","10","Coach Upside rating","Coach Bust rating","3 out of 5 stars","+1"
"43",5,"Joe Burrow",CIN,"QB4","6","Coach Upside rating","Coach Bust rating","3 out of 5 stars","+16"
"44",5,"Josh Jacobs",GB,"RB15","11","Coach Upside rating","Coach Bust rating","4 out of 5 stars","-5"
"45",5,"Kyren Williams",LAR,"RB16","11","Coach Upside rating","Coach Bust rating","5 out of 5 stars","-13"
"46",5,"Emeka Egbuka",TB,"WR23","10","Coach Upside rating","Coach Bust rating","4 out of 5 stars","-5"
"47",5,"Travis Etienne Jr.",NO,"RB17","8","Coach Upside rating","Coach Bust rating","3 out of 5 stars","-16"
"48",5,"Javonte Williams",DAL,"RB18","14","Coach Upside rating","Coach Bust rating","4 out of 5 stars","-14"
"49",5,"Davante Adams",LAR,"WR24","11","Coach Upside rating","Coach Bust rating","1 out of 5 stars","-2"
"50",6,"Mike Evans",SF,"WR25","8","Coach Upside rating","Coach Bust rating","2 out of 5 stars","+6"
"51",6,"Jameson Williams",DET,"WR26","6","Coach Upside rating","Coach Bust rating","4 out of 5 stars","0"
"52",6,"Tyler Warren",IND,"TE4","13","Coach Upside rating","Coach Bust rating","3 out of 5 stars","+12"
"53",6,"Jayden Daniels",WAS,"QB5","7","Coach Upside rating","Coach Bust rating","2 out of 5 stars","+12"
"54",6,"Cam Skattebo",NYG,"RB19","8","Coach Upside rating","Coach Bust rating","4 out of 5 stars","-10"
"55",6,"Jalen Hurts",PHI,"QB6","10","Coach Upside rating","Coach Bust rating","5 out of 5 stars","+19"
"56",6,"Christian Watson",GB,"WR27","11","Coach Upside rating","Coach Bust rating","5 out of 5 stars","-1"
"57",6,"Bucky Irving",TB,"RB20","10","Coach Upside rating","Coach Bust rating","2 out of 5 stars","-3"
"58",6,"DJ Moore",BUF,"WR28","7","Coach Upside rating","Coach Bust rating","4 out of 5 stars","-5"
"59",6,"TreVeyon Henderson",NE,"RB21","11","Coach Upside rating","Coach Bust rating","2 out of 5 stars","-10"
"60",6,"Quinshon Judkins",CLE,"RB22","11","Coach Upside rating","Coach Bust rating","3 out of 5 stars","-3"
"61",6,"Rome Odunze",CHI,"WR29","10","Coach Upside rating","Coach Bust rating","3 out of 5 stars","-3"
"62",6,"D'Andre Swift",CHI,"RB23","10","Coach Upside rating","Coach Bust rating","2 out of 5 stars","-12"
"63",6,"Carnell Tate",TEN,"WR30","9","Coach Upside rating","Coach Bust rating","3 out of 5 stars","-1"
"64",7,"Jaylen Warren",PIT,"RB24","9","Coach Upside rating","Coach Bust rating","2 out of 5 stars","+5"
"65",7,"Marvin Harrison Jr.",ARI,"WR31","14","Coach Upside rating","Coach Bust rating","2 out of 5 stars","+1"
"66",7,"David Montgomery",HOU,"RB25","8","Coach Upside rating","Coach Bust rating","4 out of 5 stars","-20"
"67",7,"Harold Fannin Jr.",CLE,"TE5","11","Coach Upside rating","Coach Bust rating","3 out of 5 stars","+20"
"68",7,"Justin Herbert",LAC,"QB7","7","Coach Upside rating","Coach Bust rating","2 out of 5 stars","+8"
"69",7,"Caleb Williams",CHI,"QB8","10","Coach Upside rating","Coach Bust rating","3 out of 5 stars","-1"
"70",7,"Courtland Sutton",DEN,"WR32","10","Coach Upside rating","Coach Bust rating","2 out of 5 stars","+7"
"71",7,"Tucker Kraft",GB,"TE6","11","Coach Upside rating","Coach Bust rating","2 out of 5 stars","+13"
"72",7,"Alec Pierce",IND,"WR33","13","Coach Upside rating","Coach Bust rating","4 out of 5 stars","+3"
"73",7,"Bhayshul Tuten",JAC,"RB26","7","Coach Upside rating","Coach Bust rating","4 out of 5 stars","-13"
"74",7,"DK Metcalf",PIT,"WR34","9","Coach Upside rating","Coach Bust rating","3 out of 5 stars","-1"
"75",7,"RJ Harvey",DEN,"RB27","10","Coach Upside rating","Coach Bust rating","2 out of 5 stars","+6"
"76",7,"Chris Godwin Jr.",TB,"WR35","10","Coach Upside rating","Coach Bust rating","4 out of 5 stars","+14"
"77",7,"Chuba Hubbard",CAR,"RB28","5","Coach Upside rating","Coach Bust rating","1 out of 5 stars","-10"
"78",7,"Jaxson Dart",NYG,"QB9","8","Coach Upside rating","Coach Bust rating","4 out of 5 stars","+10"
"79",7,"Trevor Lawrence",JAC,"QB10","7","Coach Upside rating","Coach Bust rating","4 out of 5 stars","+3"
"80",7,"Michael Wilson",ARI,"WR36","14","Coach Upside rating–No rating available","Coach Bust rating–No rating available","2 out of 5 stars","+9"
"81",7,"Kyle Pitts Sr.",ATL,"TE7","11","Coach Upside rating","Coach Bust rating","3 out of 5 stars","+15"
"82",7,"Dak Prescott",DAL,"QB11","14","Coach Upside rating","Coach Bust rating","2 out of 5 stars","-3"
"83",7,"Jadarian Price",SEA,"RB29","11","Coach Upside rating","Coach Bust rating","4 out of 5 stars","-20"
"84",7,"Rhamondre Stevenson",NE,"RB30","11","Coach Upside rating","Coach Bust rating","2 out of 5 stars","-6"
"85",7,"Jordyn Tyson",NO,"WR37","8","Coach Upside rating","Coach Bust rating","3 out of 5 stars","-15"
"86",7,"Tony Pollard",TEN,"RB31","9","Coach Upside rating","Coach Bust rating","3 out of 5 stars","-6"
"87",7,"Michael Pittman Jr.",PIT,"WR38","9","Coach Upside rating","Coach Bust rating","3 out of 5 stars","+6"
"88",7,"Rico Dowdle",PIT,"RB32","9","Coach Upside rating","Coach Bust rating","2 out of 5 stars","-2"
"89",7,"Jakobi Meyers",JAC,"WR39","7","Coach Upside rating","Coach Bust rating","4 out of 5 stars","+14"
"90",7,"Sam LaPorta",DET,"TE8","6","Coach Upside rating","Coach Bust rating","3 out of 5 stars","+7"
"",7
"91",7,"Wan'Dale Robinson",TEN,"WR40","9","Coach Upside rating","Coach Bust rating","3 out of 5 stars","+19"
"92",7,"Brian Thomas Jr.",JAC,"WR41","7","Coach Upside rating","Coach Bust rating","4 out of 5 stars","-20"
"93",8,"Makai Lemon",PHI,"WR42","10","Coach Upside rating","Coach Bust rating","4 out of 5 stars","-10"
"94",8,"Brock Purdy",SF,"QB12","8","Coach Upside rating","Coach Bust rating","1 out of 5 stars","+5"
"95",8,"Parker Washington",JAC,"WR43","7","Coach Upside rating","Coach Bust rating","4 out of 5 stars","-24"
"96",8,"Kyle Monangai",CHI,"RB33","10","Coach Upside rating","Coach Bust rating","2 out of 5 stars","-5"
"97",8,"Ricky Pearsall",SF,"WR44","8","Coach Upside rating","Coach Bust rating","2 out of 5 stars","+4"
"98",8,"Josh Downs",IND,"WR45","13","Coach Upside rating","Coach Bust rating","4 out of 5 stars","+7"
"99",8,"Patrick Mahomes II",KC,"QB13","5","Coach Upside rating","Coach Bust rating","2 out of 5 stars","-1"
"100",8,"Kenneth Gainwell",TB,"RB34","10","Coach Upside rating","Coach Bust rating","2 out of 5 stars","-15"
"101",8,"Bo Nix",DEN,"QB14","10","Coach Upside rating","Coach Bust rating","3 out of 5 stars","+5"
"102",8,"Aaron Jones Sr.",MIN,"RB35","6","Coach Upside rating","Coach Bust rating","4 out of 5 stars","+18"
"103",8,"Jake Ferguson",DAL,"TE9","14","Coach Upside rating","Coach Bust rating","2 out of 5 stars","+25"
"104",8,"Travis Kelce",KC,"TE10","5","Coach Upside rating","Coach Bust rating","4 out of 5 stars","+15"
"105",8,"Matthew Stafford",LAR,"QB15","11","Coach Upside rating","Coach Bust rating","3 out of 5 stars","-13"
"106",8,"Jordan Addison",MIN,"WR46","6","Coach Upside rating","Coach Bust rating","5 out of 5 stars","-6"
"107",8,"Dalton Kincaid",BUF,"TE11","7","Coach Upside rating","Coach Bust rating","3 out of 5 stars","+11"
"108",8,"J.K. Dobbins",DEN,"RB36","10","Coach Upside rating","Coach Bust rating","2 out of 5 stars","-1"
"109",8,"Blake Corum",LAR,"RB37","11","Coach Upside rating","Coach Bust rating","5 out of 5 stars","-7"
"110",8,"Jared Goff",DET,"QB16","6","Coach Upside rating","Coach Bust rating","5 out of 5 stars","-6"
"111",8,"Jayden Reed",GB,"WR47","11","Coach Upside rating","Coach Bust rating","5 out of 5 stars","-16"
"112",8,"Khalil Shakir",BUF,"WR48","7","Coach Upside rating","Coach Bust rating","4 out of 5 stars","+12"
"113",8,"Kyler Murray",MIN,"QB17","6","Coach Upside rating","Coach Bust rating","5 out of 5 stars","-4"
"114",8,"Quentin Johnston",LAC,"WR49","7","Coach Upside rating","Coach Bust rating","2 out of 5 stars","-20"
"115",9,"George Kittle",SF,"TE12","8","Coach Upside rating","Coach Bust rating","3 out of 5 stars","+8"
"116",9,"Rachaad White",WAS,"RB38","7","Coach Upside rating","Coach Bust rating","4 out of 5 stars","-2"
"117",9,"Jordan Love",GB,"QB18","11","Coach Upside rating","Coach Bust rating","4 out of 5 stars","-4"
"118",9,"Jayden Higgins",HOU,"WR50","8","Coach Upside rating","Coach Bust rating","3 out of 5 stars","+3"
"119",9,"Baker Mayfield",TB,"QB19","10","Coach Upside rating","Coach Bust rating","2 out of 5 stars","-4"
"120",9,"Tyler Shough",NO,"QB20","8","Coach Upside rating","Coach Bust rating","3 out of 5 stars","-8"
"121",9,"Dallas Goedert",PHI,"TE13","10","Coach Upside rating","Coach Bust rating","4 out of 5 stars","+10"
"122",9,"Isaiah Likely",NYG,"TE14","8","Coach Upside rating","Coach Bust rating","3 out of 5 stars","+4"
"123",9,"Jacory Croskey-Merritt",WAS,"RB39","7","Coach Upside rating","Coach Bust rating","4 out of 5 stars","+7"
"124",9,"Xavier Worthy",KC,"WR51","5","Coach Upside rating","Coach Bust rating","2 out of 5 stars","-13"
"125",9,"Tyler Allgeier",ARI,"RB40","14","Coach Upside rating","Coach Bust rating","2 out of 5 stars","+19"
"126",9,"Tyrone Tracy Jr.",NYG,"RB41","8","Coach Upside rating","Coach Bust rating","4 out of 5 stars","+6"
"127",9,"KC Concepcion",CLE,"WR52","11","Coach Upside rating","Coach Bust rating","3 out of 5 stars","-2"
"128",9,"Romeo Doubs",NE,"WR53","11","Coach Upside rating","Coach Bust rating","2 out of 5 stars","-12"
"129",9,"Jordan Mason",MIN,"RB42","6","Coach Upside rating","Coach Bust rating","4 out of 5 stars","-7"
"130",9,"Malik Willis",MIA,"QB21","6","Coach Upside rating","Coach Bust rating","3 out of 5 stars","-3"
"131",9,"Jalen Coker",CAR,"WR54","5","Coach Upside rating","Coach Bust rating","2 out of 5 stars","+2"
"132",9,"Woody Marks",HOU,"RB43","8","Coach Upside rating","Coach Bust rating","4 out of 5 stars","+9"
"133",9,"C.J. Stroud",HOU,"QB22","8","Coach Upside rating","Coach Bust rating","4 out of 5 stars","+3"
"134",9,"Mark Andrews",BAL,"TE15","13","Coach Upside rating","Coach Bust rating","4 out of 5 stars","0"
"135",9,"Matthew Golden",GB,"WR55","11","Coach Upside rating","Coach Bust rating","5 out of 5 stars","-18"
"136",9,"Sam Darnold",SEA,"QB23","11","Coach Upside rating","Coach Bust rating","4 out of 5 stars","+2"
"137",9,"Juwan Johnson",NO,"TE16","8","Coach Upside rating","Coach Bust rating","2 out of 5 stars","+5"
"138",9,"Tyjae Spears",TEN,"RB44","9","Coach Upside rating","Coach Bust rating","3 out of 5 stars","+17"
"139",9,"Zach Charbonnet",SEA,"RB45","11","Coach Upside rating","Coach Bust rating","4 out of 5 stars","+30"
"140",9,"Oronde Gadsden II",LAC,"TE17","7","Coach Upside rating","Coach Bust rating","4 out of 5 stars","-1"
"141",9,"Alvin Kamara",NO,"RB46","8","Coach Upside rating","Coach Bust rating","3 out of 5 stars","+39"
"142",9,"Jonathon Brooks",CAR,"RB47","5","Coach Upside rating","Coach Bust rating","1 out of 5 stars","-34"
"143",9,"Brenton Strange",JAC,"TE18","7","Coach Upside rating","Coach Bust rating","3 out of 5 stars","+9"
"144",9,"Dylan Sampson",CLE,"RB48","11","Coach Upside rating","Coach Bust rating","3 out of 5 stars","+7"
"145",9,"Cam Ward",TEN,"QB24","9","Coach Upside rating","Coach Bust rating","3 out of 5 stars","-10"
"146",9,"Chris Rodriguez Jr.",JAC,"RB49","7","Coach Upside rating","Coach Bust rating","4 out of 5 stars","-17"
"147",9,"Isiah Pacheco",DET,"RB50","6","Coach Upside rating","Coach Bust rating","5 out of 5 stars","+2"
"148",10,"Jerry Jeudy",CLE,"WR56","11","Coach Upside rating","Coach Bust rating","3 out of 5 stars","+24"
"149",10,"Rashid Shaheed",SEA,"WR57","11","Coach Upside rating","Coach Bust rating","3 out of 5 stars","-2"
"150",10,"Bryce Young",CAR,"QB25","5","Coach Upside rating","Coach Bust rating","2 out of 5 stars","0"
"151",10,"Denzel Boston",CLE,"WR58","11","Coach Upside rating","Coach Bust rating","3 out of 5 stars","+9"
"152",10,"James Conner",ARI,"RB51","14","Coach Upside rating","Coach Bust rating","2 out of 5 stars","+47"
"153",10,"Jauan Jennings",MIN,"WR59","6","Coach Upside rating","Coach Bust rating","5 out of 5 stars","-5"
"154",10,"Hunter Henry",NE,"TE19","11","Coach Upside rating","Coach Bust rating","4 out of 5 stars","0"
"155",10,"Omar Cooper Jr.",NYJ,"WR60","13","Coach Upside rating","Coach Bust rating","4 out of 5 stars","+1"
"156",10,"Braelon Allen",NYJ,"RB52","13","Coach Upside rating","Coach Bust rating","3 out of 5 stars","+34"
"157",10,"Daniel Jones",IND,"QB26","13","Coach Upside rating","Coach Bust rating","4 out of 5 stars","-17"
"158",10,"Keaton Mitchell",LAC,"RB53","7","Coach Upside rating","Coach Bust rating","3 out of 5 stars","-15"
"159",10,"Houston Texans",HOU,"DST1","8","Coach Upside rating–No rating available","Coach Bust rating–No rating available","2 out of 5 stars","+42"
"160",10,"Travis Hunter",JAC,"WR61","7","Coach Upside rating","Coach Bust rating","4 out of 5 stars","+3"
"161",10,"Brian Robinson Jr.",ATL,"RB54","11","Coach Upside rating","Coach Bust rating","2 out of 5 stars","+6"
"162",10,"Adonai Mitchell",NYJ,"WR62","13","Coach Upside rating","Coach Bust rating","4 out of 5 stars","+35"
"163",10,"Dalton Schultz",HOU,"TE20","8","Coach Upside rating","Coach Bust rating","4 out of 5 stars","+5"
"164",10,"Jonah Coleman",DEN,"RB55","10","Coach Upside rating","Coach Bust rating","2 out of 5 stars","-7"
"165",10,"Jalen McMillan",TB,"WR63","10","Coach Upside rating","Coach Bust rating","4 out of 5 stars","-19"
"166",10,"Chig Okonkwo",WAS,"TE21","7","Coach Upside rating","Coach Bust rating","1 out of 5 stars","-21"
"167",10,"Deebo Samuel Sr.",FA,"WR64","-","Coach Upside rating–No rating available","Coach Bust rating–No rating available","-","-6"
"168",10,"Tre' Harris",LAC,"WR65","7","Coach Upside rating","Coach Bust rating","2 out of 5 stars","+6"
"169",10,"Stefon Diggs",FA,"WR66","-","Coach Upside rating","Coach Bust rating","-","-32"
"170",10,"Emanuel Wilson",SEA,"RB56","11","Coach Upside rating","Coach Bust rating","4 out of 5 stars","+1"
"171",10,"Denver Broncos",DEN,"DST2","10","Coach Upside rating–No rating available","Coach Bust rating–No rating available","4 out of 5 stars","+42"
"172",10,"Kayshon Boutte",NE,"WR67","11","Coach Upside rating","Coach Bust rating","2 out of 5 stars","+26"
"173",10,"Brandon Aiyuk",SF,"WR68","8","Coach Upside rating","Coach Bust rating","2 out of 5 stars","+11"
"174",10,"Tank Bigsby",PHI,"RB57","10","Coach Upside rating","Coach Bust rating","4 out of 5 stars","+3"
"175",10,"Seattle Seahawks",SEA,"DST3","11","Coach Upside rating–No rating available","Coach Bust rating–No rating available","2 out of 5 stars","+36"
"176",10,"Los Angeles Rams",LAR,"DST4","11","Coach Upside rating–No rating available","Coach Bust rating–No rating available","2 out of 5 stars","+42"
"177",10,"Troy Franklin",DEN,"WR69","10","Coach Upside rating","Coach Bust rating","2 out of 5 stars","+29"
"178",10,"Tre Tucker",LV,"WR70","13","Coach Upside rating","Coach Bust rating","2 out of 5 stars","-20"
"179",10,"Philadelphia Eagles",PHI,"DST5","10","Coach Upside rating–No rating available","Coach Bust rating–No rating available","0 out of 5 stars","+46"
"180",10,"T.J. Hockenson",MIN,"TE22","6","Coach Upside rating","Coach Bust rating","4 out of 5 stars","-16"
"181",11,"Jaylin Noel",HOU,"WR71","8","Coach Upside rating","Coach Bust rating","3 out of 5 stars","+102"
"182",11,"Emmett Johnson",KC,"RB58","5","Coach Upside rating","Coach Bust rating","3 out of 5 stars","-16"
"183",11,"Kimani Vidal",LAC,"RB59","7","Coach Upside rating–No rating available","Coach Bust rating–No rating available","3 out of 5 stars","+5"
"184",11,"Ryan Flournoy",DAL,"WR72","14","Coach Upside rating–No rating available","Coach Bust rating–No rating available","2 out of 5 stars","-8"
"185",11,"Kenyon Sadiq",NYJ,"TE23","13","Coach Upside rating","Coach Bust rating","4 out of 5 stars","-32"
"186",11,"Pat Bryant",DEN,"WR73","10","Coach Upside rating–No rating available","Coach Bust rating–No rating available","2 out of 5 stars","+68"
"187",11,"Brandon Aubrey",DAL,"K1","14","Coach Upside rating","Coach Bust rating","2 out of 5 stars","-"
"188",11,"Jacoby Brissett",ARI,"QB27","14","Coach Upside rating","Coach Bust rating","2 out of 5 stars","-13"
"189",11,"New England Patriots",NE,"DST6","11","Coach Upside rating–No rating available","Coach Bust rating–No rating available","3 out of 5 stars","+35"
"190",11,"Calvin Ridley",TEN,"WR74","9","Coach Upside rating","Coach Bust rating","3 out of 5 stars","+3"
"191",11,"Pittsburgh Steelers",PIT,"DST7","9","Coach Upside rating–No rating available","Coach Bust rating–No rating available","5 out of 5 stars","+36"
"192",11,"Jacksonville Jaguars",JAC,"DST8","7","Coach Upside rating–No rating available","Coach Bust rating–No rating available","3 out of 5 stars","+37"
"193",11,"Minnesota Vikings",MIN,"DST9","6","Coach Upside rating–No rating available","Coach Bust rating–No rating available","1 out of 5 stars","+33"
"194",11,"Isaac TeSlaa",DET,"WR75","6","Coach Upside rating","Coach Bust rating","4 out of 5 stars","-13"
"195",11,"Los Angeles Chargers",LAC,"DST10","7","Coach Upside rating–No rating available","Coach Bust rating–No rating available","3 out of 5 stars","+37"
"196",11,"Ray Davis",BUF,"RB60","7","Coach Upside rating–No rating available","Coach Bust rating–No rating available","2 out of 5 stars","-5"
"197",11,"Cameron Dicker",LAC,"K2","7","Coach Upside rating–No rating available","Coach Bust rating–No rating available","2 out of 5 stars","-"
"198",11,"Sean Tucker",TB,"RB61","10","Coach Upside rating","Coach Bust rating","2 out of 5 stars","-19"
"199",11,"Darnell Mooney",NYG,"WR76","8","Coach Upside rating–No rating available","Coach Bust rating–No rating available","4 out of 5 stars","-5"
"200",11,"Ka'imi Fairbairn",HOU,"K3","8","Coach Upside rating","Coach Bust rating","2 out of 5 stars","-"
"201",11,"AJ Barner",SEA,"TE24","11","Coach Upside rating","Coach Bust rating","3 out of 5 stars","-19"
"202",11,"Mike Washington Jr.",LV,"RB62","13","Coach Upside rating","Coach Bust rating","2 out of 5 stars","-15"
"203",11,"Jason Myers",SEA,"K4","11","Coach Upside rating–No rating available","Coach Bust rating–No rating available","4 out of 5 stars","-"
"204",11,"Chimere Dike",TEN,"WR77","9","Coach Upside rating","Coach Bust rating","3 out of 5 stars","+45"
"205",11,"Cam Little",JAC,"K5","7","Coach Upside rating–No rating available","Coach Bust rating–No rating available","4 out of 5 stars","-"
"206",11,"Green Bay Packers",GB,"DST11","11","Coach Upside rating–No rating available","Coach Bust rating–No rating available","2 out of 5 stars","+34"
"207",11,"Kansas City Chiefs",KC,"DST12","5","Coach Upside rating–No rating available","Coach Bust rating–No rating available","3 out of 5 stars","+45"
"208",11,"Gunnar Helm",TEN,"TE25","9","Coach Upside rating–No rating available","Coach Bust rating–No rating available","3 out of 5 stars","-25"
"209",11,"Eddy Pineiro",SF,"K6","8","Coach Upside rating–No rating available","Coach Bust rating–No rating available","5 out of 5 stars","-"
"210",11,"Dontayvion Wicks",PHI,"WR78","10","Coach Upside rating–No rating available","Coach Bust rating–No rating available","4 out of 5 stars","+28"
"211",11,"Kaytron Allen",WAS,"RB63","7","Coach Upside rating","Coach Bust rating","4 out of 5 stars","-33"
"212",11,"Tyler Loop",BAL,"K7","13","Coach Upside rating–No rating available","Coach Bust rating–No rating available","3 out of 5 stars","-"
"213",11,"Antonio Williams",WAS,"WR79","7","Coach Upside rating–No rating available","Coach Bust rating–No rating available","2 out of 5 stars","-43"
"214",11,"Evan McPherson",CIN,"K8","6","Coach Upside rating–No rating available","Coach Bust rating–No rating available","2 out of 5 stars","-"
"215",11,"Cleveland Browns",CLE,"DST13","11","Coach Upside rating–No rating available","Coach Bust rating–No rating available","5 out of 5 stars","+16"
"216",11,"Baltimore Ravens",BAL,"DST14","13","Coach Upside rating–No rating available","Coach Bust rating–No rating available","5 out of 5 stars","+18"
"217",11,"Andy Borregales",NE,"K9","11","Coach Upside rating–No rating available","Coach Bust rating–No rating available","1 out of 5 stars","-"
"218",11,"Nicholas Singleton",TEN,"RB64","9","Coach Upside rating","Coach Bust rating","3 out of 5 stars","-32"
"219",11,"Cairo Santos",CHI,"K10","10","Coach Upside rating–No rating available","Coach Bust rating–No rating available","0 out of 5 stars","-"
"220",11,"Detroit Lions",DET,"DST15","6","Coach Upside rating–No rating available","Coach Bust rating–No rating available","5 out of 5 stars","+28"
"221",11,"Elic Ayomanor",TEN,"WR80","9","Coach Upside rating–No rating available","Coach Bust rating–No rating available","3 out of 5 stars","+109"
"222",11,"Tyreek Hill",FA,"WR81","-","Coach Upside rating–No rating available","Coach Bust rating–No rating available","-","+6"
"223",11,"Jaylen Wright",MIA,"RB65","6","Coach Upside rating–No rating available","Coach Bust rating–No rating available","3 out of 5 stars","+10"
"224",11,"Malik Washington",MIA,"WR82","6","Coach Upside rating–No rating available","Coach Bust rating–No rating available","3 out of 5 stars","-39"
"225",11,"Chase McLaughlin",TB,"K11","10","Coach Upside rating–No rating available","Coach Bust rating–No rating available","3 out of 5 stars","-"
"226",12,"Jalen Nailor",LV,"WR83","13","Coach Upside rating–No rating available","Coach Bust rating–No rating available","2 out of 5 stars","-67"
"227",12,"Fernando Mendoza",LV,"QB28","13","Coach Upside rating–No rating available","Coach Bust rating–No rating available","1 out of 5 stars","-62"
"228",12,"David Njoku",LAC,"TE26","7","Coach Upside rating–No rating available","Coach Bust rating–No rating available","4 out of 5 stars","-32"
"229",12,"De'Zhaun Stribling",SF,"WR84","8","Coach Upside rating–No rating available","Coach Bust rating–No rating available","2 out of 5 stars","-26"
"230",12,"Jake Bates",DET,"K12","6","Coach Upside rating–No rating available","Coach Bust rating–No rating available","5 out of 5 stars","-"
"231",12,"Buffalo Bills",BUF,"DST16","7","Coach Upside rating–No rating available","Coach Bust rating–No rating available","3 out of 5 stars","+10"
"232",12,"Cooper Kupp",SEA,"WR85","11","Coach Upside rating–No rating available","Coach Bust rating–No rating available","3 out of 5 stars","-15"
"233",12,"Terrance Ferguson",LAR,"TE27","11","Coach Upside rating–No rating available","Coach Bust rating–No rating available","4 out of 5 stars","-18"
"234",12,"Tank Dell",HOU,"WR86","8","Coach Upside rating–No rating available","Coach Bust rating–No rating available","3 out of 5 stars","-30"
"235",12,"Geno Smith",NYJ,"QB29","13","Coach Upside rating–No rating available","Coach Bust rating–No rating available","4 out of 5 stars","-62"
"236",12,"Harrison Butker",KC,"K13","5","Coach Upside rating–No rating available","Coach Bust rating–No rating available","5 out of 5 stars","-"
"237",12,"Rashod Bateman",BAL,"WR87","13","Coach Upside rating–No rating available","Coach Bust rating–No rating available","4 out of 5 stars","+37"
"238",12,"Ollie Gordon II",MIA,"RB66","6","Coach Upside rating–No rating available","Coach Bust rating–No rating available","3 out of 5 stars","+75"
"239",12,"Mason Taylor",NYJ,"TE28","13","Coach Upside rating–No rating available","Coach Bust rating–No rating available","4 out of 5 stars","+56"
"240",12,"Germie Bernard",PIT,"WR88","9","Coach Upside rating–No rating available","Coach Bust rating–No rating available","3 out of 5 stars","-31"
"241",12,"Jack Bech",LV,"WR89","13","Coach Upside rating–No rating available","Coach Bust rating–No rating available","2 out of 5 stars","+58"
"242",12,"Cade Otton",TB,"TE29","10","Coach Upside rating–No rating available","Coach Bust rating–No rating available","2 out of 5 stars","-50"
"243",12,"Harrison Mevis",LAR,"K14","11","Coach Upside rating–No rating available","Coach Bust rating–No rating available","2 out of 5 stars","-"
"244",12,"Devin Neal",NO,"RB67","8","Coach Upside rating–No rating available","Coach Bust rating–No rating available","3 out of 5 stars","+164"
"245",12,"Pat Freiermuth",PIT,"TE30","9","Coach Upside rating–No rating available","Coach Bust rating–No rating available","2 out of 5 stars","-56"
"246",12,"Kaleb Johnson",PIT,"RB68","9","Coach Upside rating–No rating available","Coach Bust rating–No rating available","2 out of 5 stars","+161"
"247",12,"Zachariah Branch",ATL,"WR90","11","Coach Upside rating–No rating available","Coach Bust rating–No rating available","3 out of 5 stars","-47"
"248",12,"Ted Hurst III",TB,"WR91","10","Coach Upside rating–No rating available","Coach Bust rating–No rating available","4 out of 5 stars","-13"
"249",12,"Trey Benson",ARI,"RB69","14","Coach Upside rating–No rating available","Coach Bust rating–No rating available","2 out of 5 stars","+129"
"250",12,"Chris Boswell",PIT,"K15","9","Coach Upside rating–No rating available","Coach Bust rating–No rating available","4 out of 5 stars","-"
"251",12,"Theo Johnson",NYG,"TE31","8","Coach Upside rating–No rating available","Coach Bust rating–No rating available","3 out of 5 stars","+27"
"252",12,"Aaron Rodgers",PIT,"QB30","9","Coach Upside rating–No rating available","Coach Bust rating–No rating available","2 out of 5 stars","-90"
"253",12,"Colby Parkinson",LAR,"TE32","11","Coach Upside rating–No rating available","Coach Bust rating–No rating available","4 out of 5 stars","-48"
"254",12,"Evan Engram",DEN,"TE33","10","Coach Upside rating–No rating available","Coach Bust rating–No rating available","4 out of 5 stars","+18"
"255",12,"Christian Kirk",SF,"WR92","8","Coach Upside rating–No rating available","Coach Bust rating–No rating available","2 out of 5 stars","-48"
"256",12,"Chris Bell",MIA,"WR93","6","Coach Upside rating–No rating available","Coach Bust rating–No rating available","3 out of 5 stars","-42"
"257",12,"Isaiah Davis",NYJ,"RB70","13","Coach Upside rating–No rating available","Coach Bust rating–No rating available","3 out of 5 stars","+140"
"258",12,"Justice Hill",BAL,"RB71","13","Coach Upside rating–No rating available","Coach Bust rating–No rating available","3 out of 5 stars","-22"
"259",12,"Keon Coleman",BUF,"WR94","7","Coach Upside rating–No rating available","Coach Bust rating–No rating available","4 out of 5 stars","-15"
"260",12,"Marvin Mims Jr.",DEN,"WR95","10","Coach Upside rating–No rating available","Coach Bust rating–No rating available","2 out of 5 stars","+68"
"261",12,"Tory Horton",SEA,"WR96","11","Coach Upside rating–No rating available","Coach Bust rating–No rating available","3 out of 5 stars","+7"
"262",12,"Eli Stowers",PHI,"TE34","10","Coach Upside rating–No rating available","Coach Bust rating–No rating available","4 out of 5 stars","-52"
"263",12,"Michael Penix Jr.",ATL,"QB31","11","Coach Upside rating–No rating available","Coach Bust rating–No rating available","4 out of 5 stars","-42"
"264",12,"Kendre Miller",NO,"RB72","8","Coach Upside rating–No rating available","Coach Bust rating–No rating available","3 out of 5 stars","+86"
"265",12,"Ty Johnson",BUF,"RB73","7","Coach Upside rating–No rating available","Coach Bust rating–No rating available","2 out of 5 stars","+2"
"266",12,"Elijah Sarratt",BAL,"WR97","13","Coach Upside rating–No rating available","Coach Bust rating–No rating available","4 out of 5 stars","-15"
"267",12,"Demond Claiborne",MIN,"RB74","6","Coach Upside rating–No rating available","Coach Bust rating–No rating available","4 out of 5 stars","-37"
"268",12,"MarShawn Lloyd",GB,"RB75","11","Coach Upside rating–No rating available","Coach Bust rating–No rating available","4 out of 5 stars","-46"
"269",12,"Kyle Williams",NE,"WR98","11","Coach Upside rating–No rating available","Coach Bust rating–No rating available","2 out of 5 stars","+136"
"270",12,"Chris Brooks",GB,"RB76","11","Coach Upside rating–No rating available","Coach Bust rating–No rating available","4 out of 5 stars","-47"
"271",12,"Mack Hollins",NE,"WR99","11","Coach Upside rating–No rating available","Coach Bust rating–No rating available","2 out of 5 stars","+124"
"272",12,"Malachi Fields",NYG,"WR100","8","Coach Upside rating–No rating available","Coach Bust rating–No rating available","4 out of 5 stars","-53"
"273",12,"Wil Lutz",DEN,"K16","10","Coach Upside rating–No rating available","Coach Bust rating–No rating available","1 out of 5 stars","-"
"274",12,"Jaydon Blue",DAL,"RB77","14","Coach Upside rating–No rating available","Coach Bust rating–No rating available","4 out of 5 stars","-32"
"275",13,"Brashard Smith",KC,"RB78","5","Coach Upside rating–No rating available","Coach Bust rating–No rating available","3 out of 5 stars","+128"
"276",13,"Atlanta Falcons",ATL,"DST17","11","Coach Upside rating–No rating available","Coach Bust rating–No rating available","4 out of 5 stars","-31"
"277",13,"DJ Giddens",IND,"RB79","13","Coach Upside rating–No rating available","Coach Bust rating–No rating available","4 out of 5 stars","+14"
"278",13,"Tua Tagovailoa",ATL,"QB32","11","Coach Upside rating–No rating available","Coach Bust rating–No rating available","4 out of 5 stars","-83"
"279",13,"Darius Slayton",NYG,"WR101","8","Coach Upside rating–No rating available","Coach Bust rating–No rating available","4 out of 5 stars","+24"
"280",13,"Xavier Legette",CAR,"WR102","5","Coach Upside rating–No rating available","Coach Bust rating–No rating available","2 out of 5 stars","+42"
"281",13,"Keenan Allen",LAC,"WR103","7","Coach Upside rating–No rating available","Coach Bust rating–No rating available","2 out of 5 stars","-18"
"282",13,"Max Klare",LAR,"TE35","11","Coach Upside rating–No rating available","Coach Bust rating–No rating available","4 out of 5 stars","+124"
"283",13,"Chris Brazzell II",CAR,"WR104","5","Coach Upside rating–No rating available","Coach Bust rating–No rating available","2 out of 5 stars","-6"
"284",13,"LeQuint Allen Jr.",JAC,"RB80","7","Coach Upside rating–No rating available","Coach Bust rating–No rating available","4 out of 5 stars","+1"
"285",13,"San Francisco 49ers",SF,"DST18","8","Coach Upside rating–No rating available","Coach Bust rating–No rating available","3 out of 5 stars","-25"
"286",13,"Will Reichard",MIN,"K17","6","Coach Upside rating–No rating available","Coach Bust rating–No rating available","2 out of 5 stars","-"
"287",13,"Jordan James",SF,"RB81","8","Coach Upside rating–No rating available","Coach Bust rating–No rating available","2 out of 5 stars","-79"
"288",13,"Seth McGowan",IND,"RB82","13","Coach Upside rating–No rating available","Coach Bust rating–No rating available","4 out of 5 stars","+93"
"289",13,"Devaughn Vele",NO,"WR105","8","Coach Upside rating–No rating available","Coach Bust rating–No rating available","3 out of 5 stars","+12"
"290",13,"Najee Harris",LAC,"RB83","7","Coach Upside rating–No rating available","Coach Bust rating–No rating available","3 out of 5 stars","+28"
"291",13,"Malik Davis",DAL,"RB84","14","Coach Upside rating–No rating available","Coach Bust rating–No rating available","4 out of 5 stars","-33"
"292",13,"Shedeur Sanders",CLE,"QB33","11","Coach Upside rating–No rating available","Coach Bust rating–No rating available","4 out of 5 stars","-53"
"293",13,"Jaleel McLaughlin",DEN,"RB85","10","Coach Upside rating–No rating available","Coach Bust rating–No rating available","2 out of 5 stars","+48"
"294",13,"Samaje Perine",CIN,"RB86","6","Coach Upside rating–No rating available","Coach Bust rating–No rating available","2 out of 5 stars","-39"
"295",13,"Tyquan Thornton",KC,"WR106","5","Coach Upside rating–No rating available","Coach Bust rating–No rating available","2 out of 5 stars","-34"
"296",13,"Jerome Ford",WAS,"RB87","7","Coach Upside rating–No rating available","Coach Bust rating–No rating available","4 out of 5 stars","+78"
"297",13,"George Holani",SEA,"RB88","11","Coach Upside rating–No rating available","Coach Bust rating–No rating available","4 out of 5 stars","-27"
"298",13,"Charlie Smyth",NO,"K18","8","Coach Upside rating–No rating available","Coach Bust rating–No rating available","5 out of 5 stars","-"
"299",13,"Indianapolis Colts",IND,"DST19","13","Coach Upside rating–No rating available","Coach Bust rating–No rating available","5 out of 5 stars","-42"
"300",13,"Devin Singletary",NYG,"RB89","8","Coach Upside rating–No rating available","Coach Bust rating–No rating available","4 out of 5 stars","+101"
"301",13,"Mike Gesicki",CIN,"TE36","6","Coach Upside rating–No rating available","Coach Bust rating–No rating available","3 out of 5 stars","-58"
"302",13,"Oscar Delp",NO,"TE37","8","Coach Upside rating–No rating available","Coach Bust rating–No rating available","2 out of 5 stars","+32"
"303",13,"Hollywood Brown",PHI,"WR107","10","Coach Upside rating–No rating available","Coach Bust rating–No rating available","4 out of 5 stars","+17"
"304",13,"Adam Randall",BAL,"RB90","13","Coach Upside rating–No rating available","Coach Bust rating–No rating available","3 out of 5 stars","-7"
"305",13,"Greg Dulcich",MIA,"TE38","6","Coach Upside rating–No rating available","Coach Bust rating–No rating available","5 out of 5 stars","-103"
"306",13,"Emari Demercado",KC,"RB91","5","Coach Upside rating–No rating available","Coach Bust rating–No rating available","3 out of 5 stars","+87"
"307",13,"Joe Mixon",FA,"RB92","-","Coach Upside rating–No rating available","Coach Bust rating–No rating available","-","+68"
"308",13,"Jarquez Hunter",LAR,"RB93","11","Coach Upside rating–No rating available","Coach Bust rating–No rating available","5 out of 5 stars","+61"
"309",13,"Jake Tonges",SF,"TE39","8","Coach Upside rating–No rating available","Coach Bust rating–No rating available","3 out of 5 stars","-93"
"310",13,"Kirk Cousins",LV,"QB34","13","Coach Upside rating–No rating available","Coach Bust rating–No rating available","1 out of 5 stars","-63"
"311",13,"Deshaun Watson",CLE,"QB35","11","Coach Upside rating–No rating available","Coach Bust rating–No rating available","4 out of 5 stars","-99"
"312",13,"Trevor Etienne",CAR,"RB94","5","Coach Upside rating–No rating available","Coach Bust rating–No rating available","1 out of 5 stars","+35"
"313",13,"Isaiah Bond",CLE,"WR108","11","Coach Upside rating–No rating available","Coach Bust rating–No rating available","3 out of 5 stars","+64"
"314",13,"Isaac Guerendo",SF,"RB95","8","Coach Upside rating–No rating available","Coach Bust rating–No rating available","2 out of 5 stars","+34"
"315",13,"J'Mari Taylor",JAC,"RB96","7","Coach Upside rating–No rating available","Coach Bust rating–No rating available","4 out of 5 stars","-"
"316",13,"Tahj Brooks",CIN,"RB97","6","Coach Upside rating–No rating available","Coach Bust rating–No rating available","2 out of 5 stars","+71"
"317",13,"Skyler Bell",BUF,"WR109","7","Coach Upside rating–No rating available","Coach Bust rating–No rating available","4 out of 5 stars","-46"
"318",13,"Kaelon Black",SF,"RB98","8","Coach Upside rating–No rating available","Coach Bust rating–No rating available","2 out of 5 stars","-98"
"319",13,"Andrei Iosivas",CIN,"WR110","6","Coach Upside rating–No rating available","Coach Bust rating–No rating available","4 out of 5 stars","0"
"320",13,"Audric Estime",NO,"RB99","8","Coach Upside rating–No rating available","Coach Bust rating–No rating available","3 out of 5 stars","+45"
"321",13,"J.J. McCarthy",MIN,"QB36","6","Coach Upside rating–No rating available","Coach Bust rating–No rating available","5 out of 5 stars","+67"
"322",13,"Ja'Kobi Lane",BAL,"WR111","13","Coach Upside rating–No rating available","Coach Bust rating–No rating available","4 out of 5 stars","-13"
"323",13,"Konata Mumpfield",LAR,"WR112","11","Coach Upside rating–No rating available","Coach Bust rating–No rating available","1 out of 5 stars","+32"
"324",14,"New Orleans Saints",NO,"DST20","8","Coach Upside rating–No rating available","Coach Bust rating–No rating available","5 out of 5 stars","-74"
"325",14,"Chicago Bears",CHI,"DST21","10","Coach Upside rating–No rating available","Coach Bust rating–No rating available","2 out of 5 stars","-88"
"326",14,"Cedric Tillman",CLE,"WR113","11","Coach Upside rating–No rating available","Coach Bust rating–No rating available","3 out of 5 stars","-"
"327",14,"Tez Johnson",TB,"WR114","10","Coach Upside rating–No rating available","Coach Bust rating–No rating available","4 out of 5 stars","+75"
"328",14,"Bam Knight",ARI,"RB100","14","Coach Upside rating–No rating available","Coach Bust rating–No rating available","2 out of 5 stars","-"
"329",14,"Jalen Royals",KC,"WR115","5","Coach Upside rating–No rating available","Coach Bust rating–No rating available","2 out of 5 stars","+50"
"330",14,"Calvin Austin III",NYG,"WR116","8","Coach Upside rating–No rating available","Coach Bust rating–No rating available","4 out of 5 stars","-1"
"331",14,"Kareem Hunt",FA,"RB101","-","Coach Upside rating–No rating available","Coach Bust rating–No rating available","-","+22"
"332",14,"Darnell Washington",PIT,"TE40","9","Coach Upside rating–No rating available","Coach Bust rating–No rating available","2 out of 5 stars","-15"
"333",14,"Will Shipley",PHI,"RB102","10","Coach Upside rating–No rating available","Coach Bust rating–No rating available","4 out of 5 stars","-35"
"334",14,"Luke McCaffrey",WAS,"WR117","7","Coach Upside rating–No rating available","Coach Bust rating–No rating available","2 out of 5 stars","-40"
"335",14,"Mac Jones",SF,"QB37","8","Coach Upside rating–No rating available","Coach Bust rating–No rating available","1 out of 5 stars","+54"
"336",14,"Jahan Dotson",ATL,"WR118","11","Coach Upside rating–No rating available","Coach Bust rating–No rating available","3 out of 5 stars","-60"
"337",14,"Carolina Panthers",CAR,"DST22","5","Coach Upside rating–No rating available","Coach Bust rating–No rating available","3 out of 5 stars","-75"
"338",14,"Ty Simpson",LAR,"QB38","11","Coach Upside rating–No rating available","Coach Bust rating–No rating available","3 out of 5 stars","+48"
"339",14,"Dont'e Thornton Jr.",LV,"WR119","13","Coach Upside rating–No rating available","Coach Bust rating–No rating available","2 out of 5 stars","-12"
"340",14,"Olamide Zaccheaus",ATL,"WR120","11","Coach Upside rating–No rating available","Coach Bust rating–No rating available","3 out of 5 stars","+60"
"341",14,"Dallas Cowboys",DAL,"DST23","14","Coach Upside rating–No rating available","Coach Bust rating–No rating available","1 out of 5 stars","-75"
"342",14,"Joshua Palmer",BUF,"WR121","7","Coach Upside rating–No rating available","Coach Bust rating–No rating available","4 out of 5 stars","+22"
"343",14,"Bryce Lance",NO,"WR122","8","Coach Upside rating–No rating available","Coach Bust rating–No rating available","3 out of 5 stars","-32"
"344",14,"Noah Gray",KC,"TE41","5","Coach Upside rating–No rating available","Coach Bust rating–No rating available","4 out of 5 stars","+52"
"345",14,"Tyler Higbee",LAR,"TE42","11","Coach Upside rating–No rating available","Coach Bust rating–No rating available","4 out of 5 stars","+47"
"346",14,"Nick Chubb",FA,"RB103","-","Coach Upside rating–No rating available","Coach Bust rating–No rating available","-","-62"
"347",14,"Michael Carter",TEN,"RB104","9","Coach Upside rating–No rating available","Coach Bust rating–No rating available","3 out of 5 stars","-8"
"348",14,"Xavier Hutchinson",HOU,"WR123","8","Coach Upside rating–No rating available","Coach Bust rating–No rating available","3 out of 5 stars","-"
"349",14,"Elijah Arroyo",SEA,"TE43","11","Coach Upside rating–No rating available","Coach Bust rating–No rating available","3 out of 5 stars","-34"
"350",14,"Anthony Richardson Sr.",IND,"QB39","13","Coach Upside rating–No rating available","Coach Bust rating–No rating available","4 out of 5 stars","+34"
"351",14,"Jalen Tolbert",MIA,"WR124","6","Coach Upside rating–No rating available","Coach Bust rating–No rating available","3 out of 5 stars","-25"
"352",14,"Eli Heidenreich",PIT,"RB105","9","Coach Upside rating–No rating available","Coach Bust rating–No rating available","2 out of 5 stars","-96"
"353",14,"DeMario Douglas",NE,"WR125","11","Coach Upside rating–No rating available","Coach Bust rating–No rating available","2 out of 5 stars","+20"
"354",14,"Ja'Tavion Sanders",CAR,"TE44","5","Coach Upside rating–No rating available","Coach Bust rating–No rating available","2 out of 5 stars","-49"
"355",14,"Michael Mayer",LV,"TE45","13","Coach Upside rating–No rating available","Coach Bust rating–No rating available","3 out of 5 stars","-82"
"356",14,"Caleb Douglas",MIA,"WR126","6","Coach Upside rating–No rating available","Coach Bust rating–No rating available","3 out of 5 stars","-68"
"357",14,"Blake Grupe",IND,"K19","13","Coach Upside rating–No rating available","Coach Bust rating–No rating available","4 out of 5 stars","-"
"358",14,"Justin Fields",KC,"QB40","5","Coach Upside rating–No rating available","Coach Bust rating–No rating available","2 out of 5 stars","-22"
"359",14,"John Metchie III",CAR,"WR127","5","Coach Upside rating–No rating available","Coach Bust rating–No rating available","2 out of 5 stars","-16"
"360",14,"Brenen Thompson",LAC,"WR128","7","Coach Upside rating–No rating available","Coach Bust rating–No rating available","2 out of 5 stars","-53"
"361",14,"Carson Beck",ARI,"QB41","14","Coach Upside rating–No rating available","Coach Bust rating–No rating available","2 out of 5 stars","-97"
"362",14,"Justin Joly",DEN,"TE46","10","Coach Upside rating–No rating available","Coach Bust rating–No rating available","4 out of 5 stars","+28"
"363",14,"Treylon Burks",WAS,"WR129","7","Coach Upside rating–No rating available","Coach Bust rating–No rating available","2 out of 5 stars","-98"
"364",14,"Cole Kmet",CHI,"TE47","10","Coach Upside rating–No rating available","Coach Bust rating–No rating available","2 out of 5 stars","+40"
"365",14,"Jaylin Lane",WAS,"WR130","7","Coach Upside rating–No rating available","Coach Bust rating–No rating available","2 out of 5 stars","-"
"366",14,"New York Giants",NYG,"DST24","8","Coach Upside rating–No rating available","Coach Bust rating–No rating available","1 out of 5 stars","-113"
"367",14,"Tyler Bass",BUF,"K20","7","Coach Upside rating–No rating available","Coach Bust rating–No rating available","2 out of 5 stars","-"
"368",14,"Jake Elliott",PHI,"K21","10","Coach Upside rating–No rating available","Coach Bust rating–No rating available","5 out of 5 stars","-"
"369",14,"Zane Gonzalez",MIA,"K22","6","Coach Upside rating–No rating available","Coach Bust rating–No rating available","2 out of 5 stars","-"
"370",14,"Tutu Atwell",MIA,"WR131","6","Coach Upside rating–No rating available","Coach Bust rating–No rating available","3 out of 5 stars","+12"
"371",14,"Austin Ekeler",FA,"RB106","-","Coach Upside rating–No rating available","Coach Bust rating–No rating available","-","-15"
"372",14,"Tampa Bay Buccaneers",TB,"DST25","10","Coach Upside rating–No rating available","Coach Bust rating–No rating available","4 out of 5 stars","-103"
"373",14,"Cincinnati Bengals",CIN,"DST26","6","Coach Upside rating–No rating available","Coach Bust rating–No rating available","4 out of 5 stars","-27"
"374",14,"Miami Dolphins",MIA,"DST27","6","Coach Upside rating–No rating available","Coach Bust rating–No rating available","3 out of 5 stars","-6"
"375",14,"Tennessee Titans",TEN,"DST28","9","Coach Upside rating–No rating available","Coach Bust rating–No rating available","2 out of 5 stars","-100"
"376",14,"Tommy Myers",FA,"TE48","-","Coach Upside rating–No rating available","Coach Bust rating–No rating available","-","-"
"377",14,"John Bates",WAS,"TE49","7","Coach Upside rating–No rating available","Coach Bust rating–No rating available","1 out of 5 stars","-"
"378",14,"Jawhar Jordan",HOU,"RB107","8","Coach Upside rating–No rating available","Coach Bust rating–No rating available","4 out of 5 stars","-"
"379",14,"Dawson Knox",BUF,"TE50","7","Coach Upside rating–No rating available","Coach Bust rating–No rating available","3 out of 5 stars","-47"
"380",15,"Washington Commanders",WAS,"DST29","7","Coach Upside rating–No rating available","Coach Bust rating–No rating available","2 out of 5 stars","-14"
"381",15,"Nick Folk",ATL,"K23","11","Coach Upside rating–No rating available","Coach Bust rating–No rating available","0 out of 5 stars","-"
"382",15,"Kalif Raymond",CHI,"WR132","10","Coach Upside rating–No rating available","Coach Bust rating–No rating available","3 out of 5 stars","-58"
"383",15,"Raheim Sanders",CLE,"RB108","11","Coach Upside rating–No rating available","Coach Bust rating–No rating available","3 out of 5 stars","-"
"384",15,"Kendrick Bourne",ARI,"WR133","14","Coach Upside rating–No rating available","Coach Bust rating–No rating available","2 out of 5 stars","-97"
"385",15,"Savion Williams",GB,"WR134","11","Coach Upside rating–No rating available","Coach Bust rating–No rating available","5 out of 5 stars","-126"
"386",15,"Ben Sauls",NYG,"K24","8","Coach Upside rating–No rating available","Coach Bust rating–No rating available","2 out of 5 stars","-"
"387",15,"Chad Ryland",ARI,"K25","14","Coach Upside rating–No rating available","Coach Bust rating–No rating available","2 out of 5 stars","-"
"388",15,"Brandon McManus",FA,"K26","-","Coach Upside rating–No rating available","Coach Bust rating–No rating available","-","-"
"389",15,"Kevin Coleman Jr.",MIA,"WR135","6","Coach Upside rating–No rating available","Coach Bust rating–No rating available","3 out of 5 stars","-"
"390",15,"Joey Slye",TEN,"K27","9","Coach Upside rating–No rating available","Coach Bust rating–No rating available","4 out of 5 stars","-"
"391",15,"Ryan Fitzgerald",CAR,"K28","5","Coach Upside rating–No rating available","Coach Bust rating–No rating available","0 out of 5 stars","-"
"392",15,"Daniel Carlson",LV,"K29","13","Coach Upside rating–No rating available","Coach Bust rating–No rating available","1 out of 5 stars","-"
"393",15,"Eli Raridon",NE,"TE51","11","Coach Upside rating–No rating available","Coach Bust rating–No rating available","4 out of 5 stars","-21"
"394",15,"Greg Dortch",DET,"WR136","6","Coach Upside rating–No rating available","Coach Bust rating–No rating available","4 out of 5 stars","-35"
"395",15,"Dameon Pierce",PHI,"RB109","10","Coach Upside rating–No rating available","Coach Bust rating–No rating available","4 out of 5 stars","-"
"396",15,"Nick Westbrook-Ikhine",IND,"WR137","13","Coach Upside rating–No rating available","Coach Bust rating–No rating available","4 out of 5 stars","-51"
"397",15,"Joe Milton III",DAL,"QB42","14","Coach Upside rating–No rating available","Coach Bust rating–No rating available","2 out of 5 stars","-76"
"398",15,"Marcus Mariota",WAS,"QB43","7","Coach Upside rating–No rating available","Coach Bust rating–No rating available","2 out of 5 stars","-4"
"399",15,"Ben Sinnott",WAS,"TE52","7","Coach Upside rating–No rating available","Coach Bust rating–No rating available","1 out of 5 stars","-36"
"400",15,"Luke Musgrave",GB,"TE53","11","Coach Upside rating–No rating available","Coach Bust rating–No rating available","2 out of 5 stars","-110"
"401",15,"Darren Waller",FA,"TE54","-","Coach Upside rating–No rating available","Coach Bust rating–No rating available","-","-40"
"402",15,"Jameis Winston",NYG,"QB44","8","Coach Upside rating–No rating available","Coach Bust rating–No rating available","4 out of 5 stars","-11"
"403",15,"Antonio Gibson",FA,"RB110","-","Coach Upside rating–No rating available","Coach Bust rating–No rating available","-","-"
"404",15,"CJ Daniels",LAR,"WR138","11","Coach Upside rating–No rating available","Coach Bust rating–No rating available","1 out of 5 stars","-"
"405",15,"Noah Fant",NO,"TE55","8","Coach Upside rating–No rating available","Coach Bust rating–No rating available","2 out of 5 stars","-"
"406",15,"Daniel Bellinger",TEN,"TE56","9","Coach Upside rating–No rating available","Coach Bust rating–No rating available","3 out of 5 stars","-66"
"407",15,"Terrell Jennings",NE,"RB111","11","Coach Upside rating–No rating available","Coach Bust rating–No rating available","2 out of 5 stars","-"
"408",15,"Dyami Brown",WAS,"WR139","7","Coach Upside rating–No rating available","Coach Bust rating–No rating available","2 out of 5 stars","-71"
"409",15,"Tommy Tremble",CAR,"TE57","5","Coach Upside rating–No rating available","Coach Bust rating–No rating available","2 out of 5 stars","-101"
"410",15,"Kyle Juszczyk",SF,"RB112","8","Coach Upside rating–No rating available","Coach Bust rating–No rating available","2 out of 5 stars","-"
"411",15,"Joe Flacco",CIN,"QB45","6","Coach Upside rating–No rating available","Coach Bust rating–No rating available","3 out of 5 stars","-12"
"412",15,"Devontez Walker",BAL,"WR140","13","Coach Upside rating–No rating available","Coach Bust rating–No rating available","4 out of 5 stars","-132"
"413",15,"KaVontae Turpin",DAL,"WR141","14","Coach Upside rating–No rating available","Coach Bust rating–No rating available","2 out of 5 stars","-109"
"414",15,"Raheem Mostert",LV,"RB113","13","Coach Upside rating–No rating available","Coach Bust rating–No rating available","2 out of 5 stars","-"
"415",15,"Alec Ingold",LAC,"RB114","7","Coach Upside rating–No rating available","Coach Bust rating–No rating available","3 out of 5 stars","-"
"416",15,"Marlin Klein",HOU,"TE58","8","Coach Upside rating–No rating available","Coach Bust rating–No rating available","4 out of 5 stars","-"
"417",15,"Jordan Whittington",LAR,"WR142","11","Coach Upside rating–No rating available","Coach Bust rating–No rating available","1 out of 5 stars","-136"
"418",15,"Patrick Ricard",NYG,"RB115","8","Coach Upside rating–No rating available","Coach Bust rating–No rating available","4 out of 5 stars","-"
"419",15,"Jam Miller",NE,"RB116","11","Coach Upside rating–No rating available","Coach Bust rating–No rating available","2 out of 5 stars","-75"
"420",15,"Rasheen Ali",BAL,"RB117","13","Coach Upside rating–No rating available","Coach Bust rating–No rating available","3 out of 5 stars","-"
"421",15,"Brandin Cooks",FA,"WR143","-","Coach Upside rating–No rating available","Coach Bust rating–No rating available","-","-"
"422",15,"Gardner Minshew II",ARI,"QB46","14","Coach Upside rating–No rating available","Coach Bust rating–No rating available","2 out of 5 stars","-73"
"423",15,"Tyler Badie",DEN,"RB118","10","Coach Upside rating–No rating available","Coach Bust rating–No rating available","2 out of 5 stars","-"
"424",15,"Ashton Dulin",IND,"WR144","13","Coach Upside rating–No rating available","Coach Bust rating–No rating available","4 out of 5 stars","-"
"425",15,"Deion Burks",IND,"WR145","13","Coach Upside rating–No rating available","Coach Bust rating–No rating available","4 out of 5 stars","-125"
"426",15,"Roschon Johnson",CHI,"RB119","10","Coach Upside rating–No rating available","Coach Bust rating–No rating available","2 out of 5 stars","-"
"427",15,"Max Bredeson",MIN,"RB120","6","Coach Upside rating–No rating available","Coach Bust rating–No rating available","4 out of 5 stars","-"
"428",15,"Jonnu Smith",FA,"TE59","-","Coach Upside rating–No rating available","Coach Bust rating–No rating available","-","-30"
"429",15,"Austin Hooper",ATL,"TE60","11","Coach Upside rating–No rating available","Coach Bust rating–No rating available","3 out of 5 stars","-"
"430",15,"Reggie Gilliam",NE,"RB121","11","Coach Upside rating–No rating available","Coach Bust rating–No rating available","2 out of 5 stars","-"
"431",15,"Damien Martinez",GB,"RB122","11","Coach Upside rating–No rating available","Coach Bust rating–No rating available","4 out of 5 stars","-77"
"432",15,"Cyrus Allen",KC,"WR146","5","Coach Upside rating–No rating available","Coach Bust rating–No rating available","2 out of 5 stars","-"
"433",15,"Zavier Scott",MIN,"RB123","6","Coach Upside rating–No rating available","Coach Bust rating–No rating available","4 out of 5 stars","-"
"434",15,"Xavier Restrepo",TEN,"WR147","9","Coach Upside rating–No rating available","Coach Bust rating–No rating available","3 out of 5 stars","-"
"435",15,"Zavion Thomas",CHI,"WR148","10","Coach Upside rating–No rating available","Coach Bust rating–No rating available","3 out of 5 stars","-142"
"436",15,"Elijah Higgins",ARI,"TE61","14","Coach Upside rating–No rating available","Coach Bust rating–No rating available","2 out of 5 stars","-"
"437",15,"Khalil Herbert",FA,"RB124","-","Coach Upside rating–No rating available","Coach Bust rating–No rating available","-","-"
"438",15,"Riley Leonard",IND,"QB47","13","Coach Upside rating–No rating available","Coach Bust rating–No rating available","4 out of 5 stars","-"
"439",15,"Hunter Luepke",DAL,"RB125","14","Coach Upside rating–No rating available","Coach Bust rating–No rating available","4 out of 5 stars","-"
"440",15,"Erick All Jr.",CIN,"TE62","6","Coach Upside rating–No rating available","Coach Bust rating–No rating available","3 out of 5 stars","-"
"441",15,"Adam Prentice",DEN,"RB126","10","Coach Upside rating–No rating available","Coach Bust rating–No rating available","2 out of 5 stars","-"
"442",15,"Roman Wilson",PIT,"WR149","9","Coach Upside rating–No rating available","Coach Bust rating–No rating available","3 out of 5 stars","-"
"443",15,"Ty Chandler",NO,"RB127","8","Coach Upside rating–No rating available","Coach Bust rating–No rating available","3 out of 5 stars","-"
"444",15,"Mitchell Evans",CAR,"TE63","5","Coach Upside rating–No rating available","Coach Bust rating–No rating available","2 out of 5 stars","-"
"445",15,"JuJu Smith-Schuster",NYG,"WR150","8","Coach Upside rating–No rating available","Coach Bust rating–No rating available","4 out of 5 stars","-"
"446",16,"Malik Benson",LV,"WR151","13","Coach Upside rating–No rating available","Coach Bust rating–No rating available","2 out of 5 stars","-200"
"447",16,"Zach Ertz",FA,"TE64","-","Coach Upside rating–No rating available","Coach Bust rating–No rating available","-","-76"
"448",16,"Tyler Goodson",ATL,"RB128","11","Coach Upside rating–No rating available","Coach Bust rating–No rating available","2 out of 5 stars","-"
"449",16,"Sam Roush",CHI,"TE65","10","Coach Upside rating–No rating available","Coach Bust rating–No rating available","2 out of 5 stars","-133"
"450",16,"Durham Smythe",BAL,"TE66","13","Coach Upside rating–No rating available","Coach Bust rating–No rating available","4 out of 5 stars","-"
"451",16,"Jahdae Walker",CHI,"WR152","10","Coach Upside rating–No rating available","Coach Bust rating–No rating available","3 out of 5 stars","-120"
"452",16,"Josh Oliver",MIN,"TE67","6","Coach Upside rating–No rating available","Coach Bust rating–No rating available","4 out of 5 stars","-"
"453",16,"Tai Felton",MIN,"WR153","6","Coach Upside rating–No rating available","Coach Bust rating–No rating available","5 out of 5 stars","-"
"454",16,"Jack Endries",CIN,"TE68","6","Coach Upside rating–No rating available","Coach Bust rating–No rating available","3 out of 5 stars","-"
"455",16,"Theo Wease Jr.",MIA,"WR154","6","Coach Upside rating–No rating available","Coach Bust rating–No rating available","3 out of 5 stars","-117"
"456",16,"Marquez Valdes-Scantling",DAL,"WR155","14","Coach Upside rating–No rating available","Coach Bust rating–No rating available","2 out of 5 stars","-"
"457",16,"Quinn Ewers",MIA,"QB48","6","Coach Upside rating–No rating available","Coach Bust rating–No rating available","3 out of 5 stars","-100"
"458",16,"Tanner Koziol",JAC,"TE69","7","Coach Upside rating–No rating available","Coach Bust rating–No rating available","3 out of 5 stars","-"
"459",16,"Luke Schoonmaker",DAL,"TE70","14","Coach Upside rating–No rating available","Coach Bust rating–No rating available","2 out of 5 stars","-"
"460",16,"Antwane Wells Jr.",FA,"WR156","-","Coach Upside rating–No rating available","Coach Bust rating–No rating available","-","-"
"461",16,"DeAndre Hopkins",BAL,"WR157","13","Coach Upside rating–No rating available","Coach Bust rating–No rating available","4 out of 5 stars","-"
"462",16,"Cade Klubnik",NYJ,"QB49","13","Coach Upside rating–No rating available","Coach Bust rating–No rating available","4 out of 5 stars","-"
"463",16,"Michael Trigg",DAL,"TE71","14","Coach Upside rating–No rating available","Coach Bust rating–No rating available","2 out of 5 stars","-"
"464",16,"Phil Mafah",DAL,"RB129","14","Coach Upside rating–No rating available","Coach Bust rating–No rating available","4 out of 5 stars","-182"
"465",16,"Thomas Fidone II",NYG,"TE72","8","Coach Upside rating–No rating available","Coach Bust rating–No rating available","3 out of 5 stars","-"
"466",16,"Skyy Moore",GB,"WR158","11","Coach Upside rating–No rating available","Coach Bust rating–No rating available","5 out of 5 stars","-"
"467",16,"Demarcus Robinson",SF,"WR159","8","Coach Upside rating–No rating available","Coach Bust rating–No rating available","2 out of 5 stars","-"
"468",16,"Jaret Patterson",LAC,"RB130","7","Coach Upside rating–No rating available","Coach Bust rating–No rating available","3 out of 5 stars","-"
"469",16,"Robert Henry Jr.",WAS,"RB131","7","Coach Upside rating–No rating available","Coach Bust rating–No rating available","4 out of 5 stars","-183"