"Player","Team","POS","ATT","YDS","TDS","REC","YDS","TDS","FL","FPTS"
" "," ","","",""
"Jahmyr Gibbs","DET","RB1","267.4","1,336.9","14.6","70.4","584.8","4.2","1.1","302.5"
"Bijan Robinson","ATL","RB2","294.2","1,438.1","9.7","77.3","752.8","3.7","1.8","295.9"
"Jonathan Taylor","IND","RB3","343.1","1,547.6","13.3","47.7","346.1","1.6","1.7","275.5"
"Derrick Henry","BAL","RB4","310.4","1,565.7","14.0","18.7","186.2","1.1","1.7","262.6"
"Christian McCaffrey","SF","RB5","258.3","1,043.6","8.8","74.7","658.6","5.0","1.1","250.8"
"Puka Nacua","LAR","WR1","15.5","107.3","1.6","126.0","1,645.2","9.4","1.0","239.2"
"De'Von Achane","MIA","RB6","243.9","1,221.7","6.1","70.4","530.9","4.4","1.0","236.3"
"James Cook III","BUF","RB7","294.0","1,417.5","10.0","34.0","285.0","1.8","2.4","236.2"
"Jaxon Smith-Njigba","SEA","WR2","5.8","30.6","0.1","119.3","1,671.1","10.8","1.1","233.0"
"Josh Jacobs","GB","RB8","292.1","1,164.2","13.0","36.0","287.6","1.3","1.3","228.5"
"Saquon Barkley","PHI","RB9","303.2","1,347.7","7.8","41.6","341.1","2.1","1.0","226.8"
"Ashton Jeanty","LV","RB10","286.5","1,092.8","8.6","59.9","417.6","3.5","1.1","221.2"
"Chase Brown","CIN","RB11","238.1","1,025.6","8.2","68.1","452.6","3.9","1.1","218.2"
"Ja'Marr Chase","CIN","WR3","3.5","20.0","0.1","123.7","1,528.3","10.3","1.0","215.3"
"Breece Hall","NYJ","RB12","259.7","1,155.8","7.3","47.4","415.7","2.4","1.7","211.5"
"Omarion Hampton","LAC","RB13","245.2","1,044.4","10.4","51.5","345.9","1.9","1.1","210.8"
"Kyren Williams","LAR","RB14","242.6","1,123.5","10.4","33.2","236.9","2.3","1.6","209.1"
"Javonte Williams","DAL","RB15","260.7","1,173.1","11.0","33.1","179.8","1.3","1.6","205.9"
"Amon-Ra St. Brown","DET","WR4","2.7","10.7","0.1","116.5","1,397.4","10.7","0.4","204.6"
"Jeremiyah Love","ARI","RB16","234.4","1,076.1","7.3","53.5","420.7","2.1","2.2","202.1"
"Kenneth Walker III","KC","RB17","253.1","1,150.3","8.0","46.6","358.7","0.8","0.9","201.7"
"Cam Skattebo","NYG","RB18","234.2","1,000.8","8.1","45.7","363.5","2.8","1.6","198.8"
"Drake London","ATL","WR5","0.0","0.0","0.0","103.0","1,339.8","10.7","1.0","196.0"
"Travis Etienne Jr.","NO","RB19","255.3","1,054.7","5.5","45.8","367.1","3.5","1.0","194.4"
"D'Andre Swift","CHI","RB20","233.2","1,054.7","8.6","32.6","291.8","1.1","1.0","190.5"
"Bucky Irving","TB","RB21","262.3","1,042.0","5.9","41.4","356.0","2.4","1.0","187.9"
"Quinshon Judkins","CLE","RB22","296.1","1,106.5","8.6","31.9","225.3","0.4","0.9","185.2"
"Rashee Rice","KC","WR6","8.1","38.3","1.3","100.0","1,088.0","10.9","0.6","184.9"
"CeeDee Lamb","DAL","WR7","3.6","18.8","0.1","103.1","1,358.9","7.3","0.3","181.1"
"George Pickens","DAL","WR8","0.5","-0.5","0.0","87.1","1,252.6","9.1","0.5","178.8"
"Bhayshul Tuten","JAC","RB23","236.0","961.3","8.8","24.9","188.5","2.2","2.2","176.9"
"A.J. Brown","NE","WR9","0.0","0.0","0.0","90.0","1,273.6","8.0","0.3","174.5"
"Justin Jefferson","MIN","WR10","2.0","8.3","0.1","100.4","1,308.0","6.7","0.3","171.3"
"Nico Collins","HOU","WR11","2.1","12.4","0.5","84.3","1,226.0","7.4","0.8","169.7"
"Chris Olave","NO","WR12","0.5","0.0","0.0","94.2","1,199.2","8.2","0.3","168.5"
"Jadarian Price","SEA","RB24","224.9","945.4","7.9","24.2","222.7","1.2","2.0","167.4"
"Zay Flowers","BAL","WR13","9.9","58.6","0.7","83.4","1,193.8","6.8","1.5","167.1"
"Rico Dowdle","PIT","RB25","216.9","951.0","6.7","33.6","239.5","1.5","1.0","166.7"
"TreVeyon Henderson","NE","RB26","194.2","901.0","7.4","38.6","253.8","1.3","0.9","166.0"
"David Montgomery","HOU","RB27","230.2","938.0","7.5","28.8","217.5","0.3","1.0","160.3"
"Chuba Hubbard","CAR","RB28","221.8","888.2","5.0","39.0","273.3","2.3","1.5","157.2"
"Tee Higgins","CIN","WR14","0.0","0.0","0.0","73.6","994.0","9.7","0.2","156.9"
"Tony Pollard","TEN","RB29","243.1","1,056.0","5.8","30.9","191.7","0.2","2.1","156.8"
"Emeka Egbuka","TB","WR15","2.1","10.9","0.1","68.8","1,097.7","7.6","0.3","156.1"
"Davante Adams","LAR","WR16","0.0","0.0","0.0","67.8","933.3","10.3","0.2","155.0"
"Rhamondre Stevenson","NE","RB30","171.8","732.9","6.8","36.1","323.7","1.9","2.1","153.8"
"J.K. Dobbins","DEN","RB31","226.4","1,046.2","6.4","19.6","96.1","0.4","0.7","153.7"
"Jaylen Warren","PIT","RB32","186.9","813.8","5.2","43.0","319.4","1.7","0.9","153.1"
"Jameson Williams","DET","WR17","7.0","42.0","0.8","63.6","1,053.3","6.3","0.2","151.9"
"Rome Odunze","CHI","WR18","0.5","2.0","0.0","62.5","997.3","8.7","0.3","151.8"
"Tetairoa McMillan","CAR","WR19","0.0","0.0","0.0","77.9","1,126.0","6.6","0.9","150.6"
"Garrett Wilson","NYJ","WR20","1.6","6.4","0.0","96.0","1,082.9","7.2","1.1","150.1"
"Alec Pierce","IND","WR21","0.0","0.0","0.0","63.0","1,065.3","7.2","0.3","149.3"
"DeVonta Smith","PHI","WR22","0.0","0.0","0.0","90.2","1,139.5","6.0","0.3","149.3"
"Malik Nabers","NYG","WR23","3.5","10.7","0.1","73.1","973.8","8.3","0.3","147.8"
"Trey McBride","ARI","TE1","0.0","0.0","0.0","113.4","1,074.1","6.8","0.2","147.6"
"Terry McLaurin","WAS","WR24","0.5","0.5","0.0","74.8","1,005.4","7.9","0.3","147.3"
"Brock Bowers","LV","TE2","0.0","0.0","0.0","93.2","993.6","7.8","0.2","145.7"
"Kyle Monangai","CHI","RB33","199.0","838.0","5.7","24.3","207.5","0.6","0.7","141.4"
"DJ Moore","BUF","WR25","11.5","58.5","0.7","68.1","871.7","7.5","0.8","140.6"
"Courtland Sutton","DEN","WR26","0.0","0.0","0.0","72.7","930.8","7.8","0.2","139.4"
"Ladd McConkey","LAC","WR27","0.0","0.0","0.0","77.3","987.2","6.6","0.3","137.9"
"Jacory Croskey-Merritt","WAS","RB34","187.5","852.6","7.7","11.3","81.0","0.2","1.7","137.6"
"RJ Harvey","DEN","RB35","135.2","506.8","4.9","47.9","353.3","3.8","0.8","136.8"
"Colston Loveland","CHI","TE3","0.0","0.0","0.0","80.4","948.9","7.0","0.2","136.6"
"Jaylen Waddle","DEN","WR28","2.5","18.6","0.0","75.9","983.1","6.0","0.3","135.7"
"Luther Burden III","CHI","WR29","8.6","40.8","0.2","73.9","972.8","5.6","0.3","135.2"
"Aaron Jones Sr.","MIN","RB36","168.5","722.3","3.4","43.0","321.0","2.0","1.6","133.6"
"Christian Watson","GB","WR30","2.6","12.1","0.1","51.5","861.4","7.6","0.3","132.5"
"DK Metcalf","PIT","WR31","1.0","5.0","0.5","62.9","921.2","6.1","0.2","131.6"
"Marvin Harrison Jr.","ARI","WR32","0.0","0.0","0.0","68.8","951.5","6.0","0.3","130.7"
"Mike Evans","SF","WR33","0.0","0.0","0.0","63.7","907.6","6.6","0.2","130.2"
"Rachaad White","WAS","RB37","139.8","638.3","5.5","36.5","235.0","1.4","0.8","127.6"
"Jordan Mason","MIN","RB38","178.5","826.3","6.2","15.7","82.7","0.2","1.0","127.2"
"Parker Washington","JAC","WR34","8.0","20.4","0.1","62.4","882.0","6.1","0.4","126.7"
"Blake Corum","LAR","RB39","165.2","798.3","6.4","11.3","76.1","0.3","0.7","126.2"
"Kenneth Gainwell","TB","RB40","116.0","507.3","4.2","56.0","390.5","2.0","0.9","125.3"
"Brian Thomas Jr.","JAC","WR35","4.0","27.1","0.6","55.5","848.5","5.5","0.2","123.8"
"Tyler Warren","IND","TE4","0.0","0.0","0.0","85.3","888.3","5.6","0.3","121.8"
"Dallas Goedert","PHI","TE5","0.0","0.0","0.0","69.2","719.9","8.3","0.2","121.5"
"Quentin Johnston","LAC","WR36","2.5","9.4","0.0","55.4","779.8","7.3","0.7","121.5"
"Kyle Pitts Sr.","ATL","TE6","0.0","0.0","0.0","81.2","896.1","5.1","0.1","119.9"
"Tucker Kraft","GB","TE7","0.0","0.0","0.0","59.5","772.0","7.0","0.2","118.7"
"Sam LaPorta","DET","TE8","0.0","0.0","0.0","75.1","846.9","5.7","0.2","118.4"
"Jakobi Meyers","JAC","WR37","5.5","25.0","0.1","72.4","830.2","5.6","0.8","118.3"
"Jordan Addison","MIN","WR38","2.5","46.2","0.6","55.2","751.4","5.6","0.2","116.2"
"Harold Fannin Jr.","CLE","TE9","0.0","0.0","0.0","79.5","822.9","5.6","0.8","114.2"
"Jordyn Tyson","NO","WR39","1.0","5.0","0.0","64.2","893.2","4.5","1.3","114.1"
"Carnell Tate","TEN","WR40","1.0","4.5","0.0","66.0","897.1","4.3","1.4","113.2"
"Xavier Worthy","KC","WR41","17.2","111.0","0.8","54.2","713.4","4.3","0.2","112.4"
"Jayden Reed","GB","WR42","12.5","95.9","0.2","61.2","729.7","4.7","0.4","111.2"
"Isaiah Likely","NYG","TE10","0.0","0.0","0.0","66.4","791.7","5.6","1.3","110.2"
"Romeo Doubs","NE","WR43","0.0","0.0","0.0","57.8","747.5","6.0","0.3","110.0"
"Zach Charbonnet","SEA","RB41","131.7","530.0","6.9","20.2","152.4","0.2","0.7","109.8"
"Travis Kelce","KC","TE11","0.0","0.0","0.0","75.8","789.3","5.2","0.3","109.6"
"Makai Lemon","PHI","WR44","1.5","7.0","0.0","58.3","820.8","4.7","1.3","108.6"
"Chris Godwin Jr.","TB","WR45","0.5","0.5","0.0","67.6","771.0","5.3","0.3","108.3"
"Michael Wilson","ARI","WR46","0.0","1.0","0.0","66.5","804.8","4.6","0.2","107.9"
"Dalton Kincaid","BUF","TE12","0.0","0.0","0.0","59.1","729.7","5.7","0.2","106.8"
"Mark Andrews","BAL","TE13","0.0","0.0","0.0","57.0","588.9","8.1","0.3","106.7"
"Ricky Pearsall","SF","WR47","4.2","21.2","0.1","60.8","839.9","3.4","0.3","106.7"
"Michael Pittman Jr.","PIT","WR48","0.0","0.0","0.0","82.7","772.0","4.9","0.3","106.2"
"Isiah Pacheco","DET","RB42","152.4","647.2","3.9","21.6","134.7","0.9","0.8","105.5"
"George Kittle","SF","TE14","0.0","0.0","0.0","63.3","719.6","5.6","0.1","105.2"
"Woody Marks","HOU","RB43","146.5","570.1","3.0","22.6","189.6","2.2","0.8","105.2"
"Jonathon Brooks","CAR","RB44","149.2","593.0","3.5","23.2","184.9","1.1","1.3","102.8"
"Calvin Ridley","TEN","WR49","4.5","28.0","0.6","48.6","784.5","2.9","0.2","101.9"
"Matthew Golden","GB","WR50","8.2","40.9","0.1","55.4","746.4","3.9","0.4","101.7"
"Wan'Dale Robinson","TEN","WR51","3.0","14.2","0.1","83.9","826.0","3.0","0.3","101.6"
"Rashid Shaheed","SEA","WR52","13.4","88.8","0.3","45.9","698.1","3.7","0.8","101.1"
"Hunter Henry","NE","TE15","0.0","0.0","0.0","56.9","665.6","5.6","0.1","99.9"
"Khalil Shakir","BUF","WR53","1.7","8.3","0.1","72.5","739.5","4.3","0.8","99.6"
"Jake Ferguson","DAL","TE16","0.0","0.0","0.0","75.7","618.0","6.4","1.4","97.5"
"Theo Wease Jr.","MIA","WR54","2.0","8.0","0.0","48.0","684.0","5.0","1.0","97.2"
"Josh Downs","IND","WR55","2.1","6.4","0.0","76.8","715.3","4.3","0.8","96.8"
"Brenton Strange","JAC","TE17","0.0","0.0","0.0","64.5","701.1","4.5","0.2","96.6"
"Rashod Bateman","BAL","WR56","0.0","0.0","0.0","38.4","594.4","6.0","0.2","95.0"
"Tyjae Spears","TEN","RB45","97.6","387.0","3.4","48.8","320.8","0.8","0.7","94.3"
"Juwan Johnson","NO","TE18","0.0","0.0","0.0","66.7","751.4","3.4","1.3","92.7"
"Tre Tucker","LV","WR57","10.7","52.9","0.2","50.1","633.5","3.8","0.1","91.9"
"Tank Dell","HOU","WR58","10.2","48.8","0.1","50.0","632.7","3.8","0.2","91.4"
"Jalen Coker","CAR","WR59","0.0","0.0","0.0","56.9","684.5","4.1","0.8","91.3"
"Jerry Jeudy","CLE","WR60","0.5","2.0","0.0","54.7","746.6","2.9","0.7","90.5"
"Kenyon Sadiq","NYJ","TE19","0.0","0.0","0.0","56.9","609.7","5.2","0.7","90.5"
"John Metchie III","CAR","WR61","3.0","-4.0","0.0","64.0","599.0","5.0","0.0","89.9"
"KC Concepcion","CLE","WR62","4.2","22.4","0.1","55.6","707.6","3.1","1.3","89.8"
"Tyrone Tracy Jr.","NYG","RB46","121.0","514.5","2.2","24.0","182.9","1.3","0.8","89.1"
"Alvin Kamara","NO","RB47","120.2","481.2","2.2","35.2","232.3","0.9","0.6","88.8"
"Jayden Higgins","HOU","WR63","0.0","0.0","0.0","49.3","608.7","4.7","0.2","88.7"
"Chris Rodriguez Jr.","JAC","RB48","136.2","551.7","5.2","3.1","25.7","0.1","0.6","88.1"
"Jalen McMillan","TB","WR64","4.7","26.8","0.1","46.6","606.8","3.9","0.2","87.2"
"Omar Cooper Jr.","NYJ","WR65","2.1","12.5","0.1","53.4","644.6","3.8","1.3","86.3"
"Brian Robinson Jr.","ATL","RB49","129.3","563.9","4.3","6.9","43.2","0.1","0.7","86.1"
"Jauan Jennings","MIN","WR66","0.0","0.0","0.0","48.7","556.5","5.2","0.7","85.2"
"Jalen Nailor","LV","WR67","2.0","8.5","0.0","42.0","566.4","4.4","0.2","83.7"
"Dalton Schultz","HOU","TE20","0.0","0.0","0.0","65.8","622.1","3.6","0.2","83.1"
"Antonio Williams","WAS","WR68","3.5","18.7","0.1","44.4","600.1","3.6","1.2","81.7"
"Justice Hill","BAL","RB50","56.4","273.5","2.2","34.7","303.0","1.8","0.2","81.3"
"Denzel Boston","CLE","WR69","1.0","5.0","0.0","50.4","633.7","3.0","0.8","80.1"
"Pat Freiermuth","PIT","TE21","0.0","0.0","0.0","52.9","558.4","3.9","0.2","78.7"
"Tyler Allgeier","ARI","RB51","111.7","427.6","4.2","17.0","108.5","0.2","0.6","78.5"
"Braelon Allen","NYJ","RB52","105.9","427.0","4.3","12.8","94.2","0.7","1.7","78.5"
"Cade Otton","TB","TE22","0.0","0.0","0.0","57.6","592.5","3.2","0.1","78.4"
"Samaje Perine","CIN","RB53","98.9","442.7","3.7","17.9","135.1","0.4","1.9","78.2"
"T.J. Hockenson","MIN","TE23","0.0","0.0","0.0","65.8","577.0","3.4","0.2","77.8"
"Oronde Gadsden II","LAC","TE24","0.0","0.0","0.0","47.2","587.3","3.4","0.7","77.6"
"Cooper Kupp","SEA","WR70","0.5","1.5","0.0","47.4","583.7","3.4","0.7","77.6"
"Terrance Ferguson","LAR","TE25","0.0","0.0","0.0","34.2","507.6","4.5","0.1","77.5"
"AJ Dillon","CAR","RB54","123.0","501.0","3.0","16.0","132.0","1.0","5.0","77.3"
"Jordan James","SF","RB55","102.3","416.0","3.2","16.2","148.5","0.7","1.2","77.2"
"AJ Barner","SEA","TE26","0.0","0.0","0.0","45.9","452.2","5.3","0.2","76.6"
"Greg Dulcich","MIA","TE27","0.0","0.0","0.0","53.5","606.8","2.8","1.2","74.8"
"Germie Bernard","PIT","WR71","2.1","10.8","0.0","44.6","554.8","3.1","0.8","73.9"
"Chig Okonkwo","WAS","TE28","0.0","0.0","0.0","52.4","576.4","2.6","0.1","73.0"
"Dylan Sampson","CLE","RB56","79.8","258.1","1.5","33.8","268.7","2.1","1.2","72.0"
"Ty Johnson","BUF","RB57","51.4","222.1","2.1","22.8","241.5","2.2","0.2","71.2"
"Darnell Mooney","NYG","WR72","1.1","6.0","0.0","36.5","535.2","2.8","0.1","70.6"
"Kayshon Boutte","NE","WR73","0.0","0.0","0.0","30.3","462.0","4.0","0.1","70.2"
"Travis Hunter","JAC","WR74","2.0","10.8","0.1","41.6","496.2","3.3","0.4","70.0"
"Chris Bell","MIA","WR75","0.0","0.0","0.0","44.3","581.5","2.1","0.5","69.6"
"Mike Gesicki","CIN","TE29","0.0","0.0","0.0","44.6","466.7","3.8","0.1","69.2"
"Bub Means","NO","WR76","1.0","7.0","0.0","38.0","517.0","3.0","1.0","68.4"
"Christian Kirk","SF","WR77","0.0","0.0","0.0","40.4","487.6","3.1","0.1","67.3"
"Kaelon Black","SF","RB58","98.1","387.6","3.2","8.6","79.4","0.6","1.1","67.1"
"Tyquan Thornton","KC","WR78","0.0","0.0","0.0","25.4","464.9","3.4","0.1","67.0"
"Ja'Kobi Lane","BAL","WR79","1.5","8.5","0.0","30.4","459.2","3.4","0.6","66.1"
"Caleb Douglas","MIA","WR80","1.0","5.5","0.0","39.6","506.8","2.5","0.7","65.0"
"Kimani Vidal","LAC","RB59","85.1","344.5","2.3","13.9","119.7","0.8","0.2","64.7"
"David Njoku","LAC","TE30","0.0","0.0","0.0","37.3","370.8","4.6","0.1","64.2"
"Tory Horton","SEA","WR81","0.5","3.0","0.0","29.8","400.4","4.2","0.6","64.0"
"Tank Bigsby","PHI","RB60","85.6","419.4","3.2","3.3","29.3","0.1","0.2","63.9"
"Darius Slayton","NYG","WR82","1.6","8.6","0.0","35.4","520.9","2.0","0.7","63.8"
"Troy Franklin","DEN","WR83","3.0","10.8","0.0","36.5","396.4","3.9","0.6","63.1"
"Mike Washington Jr.","LV","RB61","92.8","352.5","2.1","15.2","121.4","0.6","0.7","62.5"
"Malik Davis","DAL","RB62","81.8","382.7","2.8","8.7","67.3","0.2","0.1","62.4"
"Evan Engram","DEN","TE31","0.0","0.0","0.0","51.7","466.2","2.6","0.1","61.9"
"Colby Parkinson","LAR","TE32","0.0","0.0","0.0","34.5","366.1","4.3","0.6","61.4"
"Gunnar Helm","TEN","TE33","0.0","0.0","0.0","49.9","425.4","3.2","0.2","61.1"
"Malik Washington","MIA","WR84","13.3","79.3","0.7","42.1","371.2","2.2","0.8","61.1"
"Nick Westbrook-Ikhine","IND","WR85","0.0","0.0","0.0","34.3","432.7","3.0","0.3","60.9"
"De'Zhaun Stribling","SF","WR86","1.5","6.5","0.0","33.1","452.9","2.6","0.6","60.1"
"Isaac TeSlaa","DET","WR87","0.0","0.0","0.0","25.4","351.8","4.1","0.1","59.6"
"Devaughn Vele","NO","WR88","0.0","0.0","0.0","35.1","422.8","2.8","0.1","59.1"
"Hollywood Brown","PHI","WR89","0.0","0.0","0.0","31.3","388.8","3.3","0.1","58.2"
"Jack Bech","LV","WR90","0.0","0.0","0.0","41.4","483.0","1.8","0.4","58.1"
"Andrei Iosivas","CIN","WR91","2.5","11.1","0.0","31.1","393.6","2.9","0.1","57.8"
"Adam Randall","BAL","RB63","55.1","281.0","2.0","10.3","103.4","1.1","0.6","55.6"
"Ryan Flournoy","DAL","WR92","2.2","12.4","0.1","34.0","384.6","2.7","0.4","55.5"
"Emanuel Wilson","SEA","RB64","84.2","350.5","2.2","10.4","72.6","0.1","0.6","55.3"
"Dyami Brown","WAS","WR93","0.0","0.0","0.0","29.9","394.6","2.7","0.3","55.0"
"Tre' Harris","LAC","WR94","0.0","0.0","0.0","34.5","407.7","2.5","0.4","54.8"
"Ted Hurst III","TB","WR95","1.0","6.5","0.0","28.9","389.3","2.6","0.6","53.7"
"Theo Johnson","NYG","TE34","0.0","0.0","0.0","29.5","332.0","3.3","0.1","53.0"
"Adonai Mitchell","NYJ","WR96","2.2","11.1","0.1","26.5","381.5","2.3","0.3","53.0"
"MarShawn Lloyd","GB","RB65","67.2","286.1","2.1","12.1","85.2","0.6","0.3","52.4"
"Jahan Dotson","ATL","WR97","0.0","0.0","0.0","31.9","402.9","2.1","0.2","52.2"
"Ashton Dulin","IND","WR98","5.1","46.2","0.1","22.5","378.9","1.5","0.1","51.6"
"Chris Brooks","GB","RB66","72.7","323.2","1.3","15.4","107.6","0.3","0.6","51.5"
"Dawson Knox","BUF","TE35","0.0","0.0","0.0","30.0","328.5","2.9","0.1","50.0"
"Mason Taylor","NYJ","TE36","0.0","0.0","0.0","41.7","346.1","2.6","0.1","49.9"
"Olamide Zaccheaus","ATL","WR99","1.5","9.5","0.0","37.2","352.9","2.1","0.2","48.7"
"Tyler Higbee","LAR","TE37","0.0","0.0","0.0","27.6","326.7","2.6","0.0","48.4"
"Chimere Dike","TEN","WR100","10.6","34.1","0.3","25.1","240.2","3.3","0.6","47.5"
"Dontayvion Wicks","PHI","WR101","0.5","3.0","0.0","29.6","333.6","2.3","0.1","47.1"
"Van Jefferson","WAS","WR102","0.0","0.0","0.0","28.0","357.7","1.9","0.2","47.0"
"Keon Coleman","BUF","WR103","0.0","0.0","0.0","22.5","309.4","2.6","0.2","46.0"
"Xavier Hutchinson","HOU","WR104","2.1","14.2","0.0","26.4","320.6","2.1","0.1","45.9"
"KaVontae Turpin","DAL","WR105","17.7","102.4","0.4","18.3","230.4","1.7","0.4","45.4"
"Michael Mayer","LV","TE38","0.0","0.0","0.0","38.4","355.9","1.7","0.1","45.3"
"Savion Williams","GB","WR106","9.0","47.0","0.3","23.9","272.0","2.0","0.3","45.1"
"Darnell Washington","PIT","TE39","0.0","0.0","0.0","33.0","345.6","1.9","0.6","44.9"
"Jalen Tolbert","MIA","WR107","0.0","0.0","0.0","30.1","364.3","1.4","0.3","44.5"
"Elic Ayomanor","TEN","WR108","0.0","0.0","0.0","21.5","287.8","2.6","0.0","44.3"
"Xavier Legette","CAR","WR109","2.1","10.8","0.1","26.6","307.9","2.1","0.3","44.1"
"Pat Bryant","DEN","WR110","0.0","0.0","0.0","28.5","319.6","2.1","0.3","44.0"
"James Conner","ARI","RB67","42.5","155.0","1.5","18.0","131.5","1.0","0.0","43.7"
"Joshua Palmer","BUF","WR111","0.0","0.0","0.0","25.9","337.2","1.6","0.1","43.3"
"Keaton Mitchell","LAC","RB68","62.3","287.7","1.2","9.5","66.7","0.2","0.6","42.7"
"Marvin Mims Jr.","DEN","WR112","8.2","45.0","0.3","24.2","272.4","1.6","0.4","42.6"
"Emari Demercado","KC","RB69","50.5","299.5","1.0","8.5","65.0","0.5","1.5","42.5"
"Jaylen Wright","MIA","RB70","77.1","297.0","1.5","7.3","52.5","0.1","1.2","42.0"
"Jahdae Walker","CHI","WR113","0.5","3.5","0.0","18.7","243.8","2.8","0.0","41.6"
"Calvin Austin III","NYG","WR114","0.0","0.0","0.0","20.5","273.7","2.2","0.0","40.8"
"Brashard Smith","KC","RB71","41.5","159.1","1.0","18.7","130.9","1.0","0.1","40.5"
"Cedric Tillman","CLE","WR115","0.0","-0.5","0.0","21.5","269.4","2.3","0.0","40.4"
"Elijah Sarratt","BAL","WR116","0.0","0.0","0.0","19.5","294.5","1.8","0.2","39.7"
"Jawhar Jordan","HOU","RB72","51.3","218.5","1.1","11.0","87.0","0.5","0.5","39.3"
"Ja'Tavion Sanders","CAR","TE40","0.0","0.0","0.0","32.4","266.7","2.0","0.1","38.7"
"DeMario Douglas","NE","WR117","4.1","21.4","0.2","22.7","271.1","1.5","0.3","38.6"
"Jaylin Lane","WAS","WR118","0.0","0.0","0.0","22.8","281.0","1.8","0.2","38.4"
"Chris Brazzell II","CAR","WR119","0.0","0.0","0.0","22.5","287.7","1.7","0.2","38.3"
"Tommy Tremble","CAR","TE41","0.0","0.0","0.0","27.3","256.0","2.0","0.1","37.1"
"Kalif Raymond","CHI","WR120","4.6","27.2","0.2","26.7","264.8","1.3","0.3","37.1"
"Kendre Miller","NO","RB73","52.4","209.8","2.1","4.0","28.5","0.0","0.0","36.7"
"Noah Fant","NO","TE42","0.0","0.0","0.0","32.1","300.4","1.5","1.6","35.8"
"Demarcus Robinson","SF","WR121","0.5","2.5","0.0","17.7","252.4","1.7","0.0","35.4"
"Emmett Johnson","KC","RB74","50.0","208.4","1.6","5.2","41.0","0.2","0.2","35.4"
"Will Kacmarek","MIA","TE43","0.0","0.0","0.0","26.7","250.9","1.9","0.6","35.2"
"Josh Oliver","MIN","TE44","0.0","0.0","0.0","19.3","196.4","2.6","0.1","34.9"
"Jaylin Noel","HOU","WR122","4.2","22.2","0.1","21.6","239.3","1.4","0.3","34.6"
"Charlie Kolar","LAC","TE45","0.0","0.0","0.0","16.2","203.2","2.3","0.0","34.0"
"Cole Kmet","CHI","TE46","0.0","0.0","0.0","21.3","220.1","1.8","0.1","33.0"
"Tutu Atwell","MIA","WR123","2.1","11.1","0.1","20.7","292.1","0.4","0.2","32.9"
"Erick All Jr.","CIN","TE47","0.0","0.0","0.0","26.1","228.3","1.6","0.1","32.4"
"Zachariah Branch","ATL","WR124","0.0","0.0","0.0","21.0","251.6","1.3","0.2","32.4"
"Frank Gore Jr.","BUF","RB75","37.0","174.0","2.0","3.0","26.0","0.0","0.0","32.0"
"Daniel Bellinger","TEN","TE48","0.0","0.0","0.0","18.8","212.7","1.7","0.0","31.6"
"Austin Hooper","ATL","TE49","0.0","0.0","0.0","22.8","232.6","1.4","0.1","31.6"
"Kyle Juszczyk","SF","RB76","4.2","10.3","0.1","23.9","209.9","1.5","0.1","31.4"
"Brock Wright","DET","TE50","0.0","0.0","0.0","19.4","175.1","2.3","0.0","31.3"
"Roschon Johnson","CHI","RB77","34.0","116.0","3.0","3.0","17.0","0.0","0.0","31.3"
"Eli Stowers","PHI","TE51","0.0","0.0","0.0","22.7","231.8","1.5","0.6","31.1"
"Luke McCaffrey","WAS","WR125","0.0","0.0","0.0","12.0","189.0","2.0","0.0","30.9"
"Jaydon Blue","DAL","RB78","44.2","186.4","1.4","4.4","30.8","0.2","0.2","30.9"
"Phil Mafah","DAL","RB79","32.0","142.0","2.0","4.0","34.0","0.0","0.0","29.6"
"Treylon Burks","WAS","WR126","0.0","0.0","0.0","15.8","215.5","1.3","0.1","29.0"
"Jalen Royals","KC","WR127","0.0","0.0","0.0","17.0","198.0","1.5","0.2","28.7"
"Adam Trautman","DEN","TE52","0.0","0.0","0.0","19.4","194.5","1.5","0.0","28.3"
"Ray Davis","BUF","RB80","32.3","137.8","1.1","7.8","59.9","0.4","0.2","28.1"
"Luke Musgrave","GB","TE53","0.0","0.0","0.0","20.5","200.2","1.4","0.1","28.0"
"Ollie Gordon II","MIA","RB81","44.0","180.7","1.1","4.0","27.8","0.1","0.2","27.9"
"Eli Raridon","NE","TE54","0.0","0.0","0.0","18.8","195.8","1.5","0.6","27.7"
"Isaiah Davis","NYJ","RB82","26.3","134.9","0.9","9.9","78.1","0.2","0.0","27.7"
"Kendrick Bourne","ARI","WR128","0.0","0.0","0.0","22.7","239.7","0.7","0.2","27.5"
"Ben Sims","MIA","TE55","0.0","0.0","0.0","21.3","200.7","1.2","0.0","27.4"
"DJ Giddens","IND","RB83","33.6","141.5","1.0","8.6","56.7","0.3","0.2","27.3"
"Jake Tonges","SF","TE56","0.0","0.0","0.0","18.5","180.3","1.5","0.1","27.0"
"Noah Gray","KC","TE57","0.0","0.0","0.0","20.5","199.5","1.2","0.1","27.0"
"Elijah Arroyo","SEA","TE58","0.0","0.0","0.0","17.0","190.0","1.4","0.1","27.0"
"Davis Allen","LAR","TE59","0.0","0.0","0.0","16.9","157.3","1.9","0.0","26.9"
"Sean Tucker","TB","RB84","34.4","145.4","2.0","0.5","3.0","0.0","0.1","26.6"
"Jordan Whittington","LAR","WR129","2.3","12.1","0.1","15.0","172.0","1.2","0.2","26.2"
"Ty Chandler","NO","RB85","54.0","144.0","1.0","12.0","57.0","0.0","0.0","26.1"
"Bryce Lance","NO","WR130","0.0","0.0","0.0","16.4","204.3","0.9","0.2","25.7"
"John Bates","WAS","TE60","0.0","0.0","0.0","18.4","173.7","1.6","0.6","25.5"
"Dont'e Thornton Jr.","LV","WR131","0.0","0.0","0.0","15.1","210.5","0.8","0.2","25.2"
"Marlin Klein","HOU","TE61","0.0","0.0","0.0","19.5","193.7","1.1","0.5","25.0"
"Elijah Mitchell","PHI","RB86","35.0","159.0","1.0","2.0","22.0","0.0","0.0","24.1"
"Jam Miller","NE","RB87","34.0","156.0","1.0","2.0","25.0","0.0","0.0","24.1"
"LeQuint Allen Jr.","JAC","RB88","8.0","33.9","0.2","21.7","148.0","0.8","0.1","24.1"
"Elijah Higgins","ARI","TE62","0.0","0.0","0.0","21.9","196.2","0.8","0.6","23.5"
"Devontez Walker","BAL","WR132","0.0","0.0","0.0","11.6","166.4","1.2","0.1","23.4"
"Odell Beckham Jr.","NYG","WR133","0.5","2.7","0.0","14.3","175.8","1.0","0.1","23.4"
"Devin Singletary","NYG","RB89","35.6","142.7","1.0","4.2","26.3","0.1","0.1","23.0"
"Salvon Ahmed","CHI","RB90","35.0","153.0","1.0","1.0","12.0","0.0","0.0","22.5"
"Nick Vannett","LAR","TE63","0.0","0.0","0.0","11.0","103.0","2.0","0.0","22.3"
"Jarquez Hunter","LAR","RB91","32.0","148.0","1.0","1.0","14.0","0.0","0.0","22.2"
"Nate Boerkircher","JAC","TE64","0.0","0.0","0.0","14.4","155.3","1.3","0.5","22.2"
"Dameon Pierce","PHI","RB92","35.0","161.0","1.0","0.0","0.0","0.0","0.0","22.1"
"Jeremy Ruckert","NYJ","TE65","0.0","0.0","0.0","19.7","145.8","1.3","0.0","22.1"
"Israel Abanikanda","DAL","RB93","32.0","146.0","1.0","1.0","14.0","0.0","0.0","22.0"
"Skyler Bell","BUF","WR134","0.0","0.0","0.0","12.1","163.4","1.0","0.1","21.9"
"Drew Sample","CIN","TE66","0.0","0.0","0.0","17.3","146.2","1.2","0.1","21.3"
"Donovan Edwards","MIA","RB94","31.0","130.0","1.0","2.0","19.0","0.0","0.0","20.9"
"Carlos Washington Jr.","MIA","RB95","31.0","130.0","1.0","2.0","19.0","0.0","0.0","20.9"
"Malachi Fields","NYG","WR135","0.0","0.0","0.0","13.2","157.5","0.9","0.1","20.9"
"Najee Harris","LAC","RB96","28.0","126.0","1.0","2.0","18.0","0.0","0.0","20.4"
"Demond Claiborne","MIN","RB97","27.7","121.5","0.9","3.3","25.2","0.1","0.1","20.4"
"Jeremy McNichols","WAS","RB98","17.0","88.0","1.0","7.0","54.0","0.0","0.0","20.2"
"Jackson Hawes","BUF","TE67","0.0","0.0","0.0","10.5","115.1","1.4","0.0","20.1"
"Grant Calcaterra","PHI","TE68","0.0","0.0","0.0","12.8","132.5","1.1","0.0","20.0"
"Seth McGowan","IND","RB99","22.3","97.1","1.2","3.2","26.9","0.1","0.0","20.0"
"Ben Sinnott","WAS","TE69","0.0","0.0","0.0","11.8","116.3","1.4","0.0","19.9"
"Nate Adkins","DEN","TE70","0.0","0.0","0.0","11.9","88.3","1.8","0.0","19.8"
"Mitchell Evans","CAR","TE71","0.0","0.0","0.0","15.0","136.5","1.0","0.1","19.4"
"Konata Mumpfield","LAR","WR136","0.0","0.0","0.0","9.9","126.7","1.2","0.1","19.4"
"Jonah Coleman","DEN","RB100","26.2","109.4","0.8","3.7","27.0","0.1","0.1","19.1"
"Will Mallory","IND","TE72","0.0","0.0","0.0","11.0","126.0","1.0","0.0","18.6"
"Kaytron Allen","WAS","RB101","23.6","110.8","0.7","3.1","25.5","0.1","0.0","18.4"
"Tahj Brooks","CIN","RB102","30.5","129.3","0.9","0.0","0.0","0.0","0.1","18.3"
"Jack Endries","CIN","TE73","0.0","0.0","0.0","13.0","123.0","1.0","0.0","18.3"
"Foster Moreau","HOU","TE74","0.0","0.0","0.0","9.3","105.7","1.3","0.0","18.3"
"Cade Stover","HOU","TE75","0.0","0.0","0.0","15.3","128.1","0.9","0.1","17.9"
"Luke Schoonmaker","DAL","TE76","0.0","0.0","0.0","13.2","121.7","0.9","0.0","17.8"
"Brenen Thompson","LAC","WR137","2.1","11.3","0.1","9.5","120.8","0.7","0.1","17.8"
"Tyler Badie","DEN","RB103","4.1","17.6","0.1","14.0","115.5","0.6","0.1","17.7"
"Mack Hollins","NE","WR138","0.0","0.0","0.0","10.8","126.7","0.8","0.1","17.2"
"Bauer Sharp","TB","TE77","0.0","0.0","0.0","11.0","112.0","1.0","0.0","17.2"
"KeAndre Lambert-Smith","LAC","WR139","0.0","0.0","0.0","9.6","120.8","0.9","0.1","17.0"
"Rivaldo Fairweather","ARI","TE78","0.0","0.0","0.0","12.0","109.0","1.0","0.0","16.9"
"Devin Neal","NO","RB104","22.5","90.0","1.0","2.5","17.5","0.0","0.0","16.8"
"Zaire Mitchell-Paden","NO","TE79","0.0","0.0","0.0","11.0","107.0","1.0","0.0","16.7"
"Justin Joly","DEN","TE80","0.0","0.0","0.0","12.0","105.0","1.0","0.0","16.5"
"Hunter Luepke","DAL","RB105","13.3","56.1","0.4","8.6","61.8","0.4","0.1","16.4"
"Charlie Woerner","ATL","TE81","0.0","0.0","0.0","14.5","127.4","0.6","0.0","16.3"
"Will Shipley","PHI","RB106","9.3","39.6","0.3","11.3","83.2","0.4","0.1","16.2"
"Tanner Hudson","CIN","TE82","0.0","0.0","0.0","13.1","110.2","0.9","0.1","16.1"
"Mo Alie-Cox","IND","TE83","0.0","0.0","0.0","10.9","110.7","0.9","0.1","16.1"
"Thomas Fidone II","NYG","TE84","0.0","0.0","0.0","10.0","101.0","1.0","0.0","16.1"
"Cam Grandy","CIN","TE85","0.0","0.0","0.0","13.0","100.0","1.0","0.0","16.0"
"Kyle Williams","NE","WR140","4.1","22.3","0.2","6.4","91.5","0.6","0.1","15.6"
"Connor Heyward","LV","TE86","4.2","17.6","0.1","9.0","65.9","1.1","0.0","15.5"
"Jared Wiley","KC","TE87","0.0","0.0","0.0","11.0","95.0","1.0","0.0","15.5"
"Nicholas Singleton","TEN","RB107","20.3","83.4","0.6","4.3","29.8","0.2","0.1","15.4"
"Jaren Kanak","TEN","TE88","0.0","0.0","0.0","10.0","91.0","1.0","0.0","15.1"
"Jerome Ford","WAS","RB108","17.5","97.0","0.5","4.0","23.5","0.0","0.0","15.1"
"Tez Johnson","TB","WR141","4.4","23.2","0.2","6.6","77.8","0.6","0.1","14.9"
"Josh Whyle","GB","TE89","0.0","0.0","0.0","9.0","86.0","1.0","0.0","14.6"
"Devin Culp","TB","TE90","0.0","0.0","0.0","7.3","76.2","1.2","0.0","14.5"
"Durham Smythe","BAL","TE91","0.0","0.0","0.0","9.8","94.1","0.7","0.1","13.7"
"Trevor Etienne","CAR","RB109","16.5","70.4","0.4","4.1","29.4","0.2","0.1","13.1"
"Payne Durham","TB","TE92","0.0","0.0","0.0","7.6","80.9","0.8","0.0","12.9"
"Mitch Tinsley","CIN","WR142","0.0","0.0","0.0","6.6","84.0","0.8","0.1","12.9"
"Isaac Guerendo","SF","RB110","16.5","80.0","0.5","2.0","18.5","0.0","0.0","12.9"
"Kevin Coleman Jr.","MIA","WR143","0.0","0.0","0.0","9.2","113.4","0.3","0.1","12.8"
"Xavier Smith","LAR","WR144","0.0","0.0","0.0","7.2","89.3","0.7","0.1","12.7"
"Max Klare","LAR","TE93","0.0","0.0","0.0","7.5","82.6","0.7","0.0","12.3"
"Michael Burton","CLE","RB111","6.6","13.8","0.6","5.1","33.2","0.6","0.0","11.4"
"Brevyn Spann-Ford","DAL","TE94","0.0","0.0","0.0","7.4","71.4","0.7","0.0","11.1"
"Sam Roush","CHI","TE95","0.0","0.0","0.0","6.8","70.9","0.6","0.0","10.9"
"Cyrus Allen","KC","WR145","0.0","0.0","0.0","6.4","79.5","0.5","0.1","10.8"
"Hunter Long","JAC","TE96","0.0","0.0","0.0","5.0","44.5","1.0","0.0","10.5"
"Andrew Beck","NYJ","TE97","0.5","4.0","0.0","4.6","31.6","1.1","0.0","10.2"
"Greg Dortch","DET","WR146","4.6","24.0","0.4","4.1","39.8","0.3","0.1","10.0"
"Lucas Krull","DEN","TE98","0.0","0.0","0.0","8.0","62.2","0.6","0.0","10.0"
"Tip Reiman","ARI","TE99","0.0","0.0","0.0","7.9","62.3","0.6","0.0","9.8"
"Ian Thomas","LV","TE100","0.0","0.0","0.0","6.9","61.9","0.6","0.0","9.6"
"Anthony Gould","IND","WR147","0.0","0.0","0.0","7.0","74.3","0.3","0.1","9.3"
"George Holani","SEA","RB112","11.4","48.3","0.5","1.3","10.1","0.1","0.1","8.9"
"Bo Melton","GB","WR148","4.5","26.0","0.1","2.9","37.6","0.3","0.1","8.6"
"Alec Ingold","LAC","RB113","2.1","8.6","0.1","7.9","58.2","0.2","0.1","8.4"
"Blake Whiteheart","CLE","TE101","0.0","0.0","0.0","7.1","62.7","0.3","0.1","8.2"
"Isaiah Bond","CLE","WR149","4.3","23.5","0.1","2.8","36.6","0.2","0.1","7.9"
"Mason Tipton","NO","WR150","4.3","23.6","0.2","3.3","37.5","0.2","0.1","7.8"
"Luke Farrell","SF","TE102","0.0","0.0","0.0","5.2","50.1","0.4","0.0","7.2"
"Tyrell Shavers","BUF","WR151","0.0","0.0","0.0","4.0","52.1","0.3","0.0","6.9"
"Derius Davis","LAC","WR152","2.1","11.0","0.1","3.5","37.8","0.3","0.1","6.7"
"Adam Prentice","DEN","RB114","4.1","17.4","0.1","4.1","29.8","0.2","0.0","6.3"
"Ben Skowronek","PIT","WR153","0.0","0.0","0.0","5.4","51.0","0.2","0.0","6.3"
"David Moore","CAR","WR154","2.1","11.4","0.1","3.1","36.7","0.2","0.1","6.3"
"CJ Daniels","LAR","WR155","0.0","0.0","0.0","3.4","42.8","0.3","0.0","6.3"
"Isaiah Williams","NYJ","WR156","2.2","12.7","0.1","3.8","35.8","0.1","0.1","6.2"
"Colbie Young","CIN","WR157","0.0","0.0","0.0","3.5","43.2","0.3","0.0","6.2"
"Zavion Thomas","CHI","WR158","0.0","0.0","0.0","3.1","37.8","0.3","0.0","5.6"
"Malachi Corley","CLE","WR159","6.4","43.8","0.2","0.0","0.0","0.0","0.1","5.5"
"Jonathan Mingo","DAL","WR160","0.0","0.0","0.0","2.9","40.7","0.3","0.0","5.5"
"Justin Watson","HOU","WR161","0.0","0.0","0.0","3.1","41.6","0.2","0.0","5.4"
"Tanner Koziol","JAC","TE103","0.0","0.0","0.0","3.9","36.6","0.3","0.0","5.3"
"Josh Cuevas","BAL","TE104","0.0","0.0","0.0","3.3","35.8","0.3","0.0","5.3"
"CJ Dippre","NE","TE105","0.0","0.0","0.0","3.8","35.6","0.3","0.0","5.2"
"Tyler Conklin","DET","TE106","0.0","0.0","0.0","3.7","38.0","0.3","0.0","5.2"
"Darius Cooper","PHI","WR162","0.0","0.0","0.0","3.3","37.6","0.3","0.0","5.2"
"Eric Saubert","SEA","TE107","0.0","0.0","0.0","3.4","34.4","0.3","0.0","5.2"
"Max Bredeson","MIN","RB115","2.0","8.5","0.1","4.5","29.4","0.2","0.0","5.1"
"Tai Felton","MIN","WR163","0.0","0.0","0.0","3.7","37.0","0.2","0.0","5.1"
"Oscar Delp","NO","TE108","0.0","0.0","0.0","3.9","36.5","0.2","0.0","5.0"
"Drew Ogletree","IND","TE109","0.0","0.0","0.0","3.7","35.3","0.3","0.0","5.0"
"Kaleb Johnson","PIT","RB116","8.6","35.8","0.2","0.0","0.0","0.0","0.0","4.8"
"Reggie Virgil","ARI","WR164","0.0","0.0","0.0","3.4","39.3","0.1","0.0","4.7"
"Joe Royer","CLE","TE110","0.0","0.0","0.0","3.8","33.5","0.2","0.0","4.3"
"Kaden Wetjen","PIT","WR165","2.1","11.6","0.1","1.6","18.8","0.1","0.0","4.0"
"Reggie Gilliam","NE","RB117","0.0","0.0","0.0","4.1","29.8","0.2","0.0","3.8"
"Riley Nowakowski","PIT","TE111","0.0","0.0","0.0","4.3","29.0","0.2","0.0","3.8"
"Patrick Ricard","NYG","RB118","0.0","0.0","0.0","4.0","26.9","0.1","0.0","3.5"
"Arian Smith","NYJ","WR166","4.3","23.6","0.2","0.0","0.0","0.0","0.0","3.4"
"Jimmy Horn Jr.","CAR","WR167","4.1","24.7","0.1","0.0","0.0","0.0","0.0","3.0"
"British Brooks","HOU","RB119","4.2","18.0","0.1","0.0","0.0","0.0","0.0","2.4"
"Chris Manhertz","NYG","TE112","0.0","0.0","0.0","1.8","16.3","0.1","0.0","2.3"
"Kameron Johnson","TB","WR168","2.2","12.1","0.1","0.0","0.0","0.0","0.0","1.8"
"JuJu Smith-Schuster","NYG","WR169","0.0","0.0","0.0","1.2","13.0","0.1","0.0","1.6"
"Braxton Berrios","NYG","WR170","0.0","0.0","0.0","0.0","0.0","0.0","0.0","0.0"
"Devin Duvernay","ARI","WR171","0.0","0.0","0.0","0.0","0.0","0.0","0.0","0.0"
"Mason Kinsey","TEN","WR172","0.0","0.0","0.0","0.0","0.0","0.0","0.0","0.0"
"Michael Bandy","DEN","WR173","0.0","0.0","0.0","0.0","0.0","0.0","0.0","0.0"
"Skyy Moore","GB","WR174","0.0","0.0","0.0","0.0","0.0","0.0","0.0","0.0"
"Britain Covey","PHI","WR175","0.0","0.0","0.0","0.0","0.0","0.0","0.0","0.0"
"Dareke Young","LV","WR176","0.0","0.0","0.0","0.0","0.0","0.0","0.0","0.0"
"Jacob Cowing","SF","WR177","0.0","0.0","0.0","0.0","0.0","0.0","0.0","0.0"
"Charlie Jones","CIN","WR178","0.0","0.0","0.0","0.0","0.0","0.0","0.0","0.0"
"Barion Brown","NO","WR179","0.0","0.0","0.0","0.0","0.0","0.0","0.0","0.0"
"Jalen Brooks","ARI","WR180","0.0","0.0","0.0","0.0","0.0","0.0","0.0","0.0"
"Brycen Tremayne","CAR","WR181","0.0","0.0","0.0","0.0","0.0","0.0","0.0","0.0"
"Nikko Remigio","KC","WR182","0.0","0.0","0.0","0.0","0.0","0.0","0.0","0.0"
"Jeshaun Jones","MIN","WR183","0.0","0.0","0.0","0.0","0.0","0.0","0.0","0.0"
"Efton Chism III","NE","WR184","0.0","0.0","0.0","0.0","0.0","0.0","0.0","0.0"
"LaJohntay Wester","BAL","WR185","0.0","0.0","0.0","0.0","0.0","0.0","0.0","0.0"
"Ke'Shawn Williams","CIN","WR186","0.0","0.0","0.0","0.0","0.0","0.0","0.0","0.0"
"Myles Price","MIN","WR187","0.0","0.0","0.0","0.0","0.0","0.0","0.0","0.0"
"Gage Larvadain","CLE","WR188","0.0","0.0","0.0","0.0","0.0","0.0","0.0","0.0"
"Josh Cameron","JAC","WR189","0.0","0.0","0.0","0.0","0.0","0.0","0.0","0.0"
"Johnny Mundt","PHI","TE113","0.0","0.0","0.0","0.0","0.0","0.0","0.0","0.0"
"Quintin Morris","JAC","TE114","0.0","0.0","0.0","0.0","0.0","0.0","0.0","0.0"
"Jack Stoll","CLE","TE115","0.0","0.0","0.0","0.0","0.0","0.0","0.0","0.0"
"Cole Turner","MIA","TE116","0.0","0.0","0.0","0.0","0.0","0.0","0.0","0.0"
"Jelani Woods","NYJ","TE117","0.0","0.0","0.0","0.0","0.0","0.0","0.0","0.0"
"Julian Hill","NE","TE118","0.0","0.0","0.0","0.0","0.0","0.0","0.0","0.0"
"DeeJay Dallas","JAC","RB120","0.0","0.0","0.0","0.0","0.0","0.0","0.0","0.0"
"Kene Nwangwu","NYJ","RB121","0.0","0.0","0.0","0.0","0.0","0.0","0.0","0.0"
"Bam Knight","ARI","RB122","0.0","0.0","0.0","0.0","0.0","0.0","0.0","0.0"
"Trey Benson","ARI","RB123","0.0","0.0","0.0","0.0","0.0","0.0","0.0","0.0"
"Jacob Saylors","DET","RB124","0.0","0.0","0.0","0.0","0.0","0.0","0.0","0.0"
"Zavier Scott","MIN","RB125","0.0","0.0","0.0","0.0","0.0","0.0","0.0","0.0"
"Rasheen Ali","BAL","RB126","0.0","0.0","0.0","0.0","0.0","0.0","0.0","0.0"
"Dylan Laube","LV","RB127","0.0","0.0","0.0","0.0","0.0","0.0","0.0","0.0"
"Chris Collier","LV","RB128","0.0","0.0","0.0","0.0","0.0","0.0","0.0","0.0"
"Josh Williams","TB","RB129","0.0","0.0","0.0","0.0","0.0","0.0","0.0","0.0"
""
""